date,home_team,away_team,model_p_home,actual_home_win
2025-03-18,CHN,LAN,0.42696810864792656,0
2025-03-19,CHN,LAN,0.48535582923471593,0
2025-03-27,ARI,CHN,0.49802658476594097,0
2025-03-27,CHA,ANA,0.4732423061675254,1
2025-03-27,CIN,SFN,0.4977148569575013,0
2025-03-27,HOU,NYN,0.6035561563191876,1
2025-03-27,KCA,CLE,0.5023915043332283,0
2025-03-27,LAN,DET,0.6300930639760083,1
2025-03-27,MIA,PIT,0.49992481162065205,1
2025-03-27,NYA,MIL,0.4552884800492373,1
2025-03-27,SDN,ATL,0.5030259068657137,1
2025-03-27,SEA,ATH,0.604538522377199,1
2025-03-27,SLN,MIN,0.5002126102583169,1
2025-03-27,TEX,BOS,0.5163893315056856,0
2025-03-27,TOR,BAL,0.47473741152180593,0
2025-03-27,WAS,PHI,0.4060559653219032,0
2025-03-28,ARI,CHN,0.4859612097942433,1
2025-03-28,HOU,NYN,0.6096294675573949,0
2025-03-28,LAN,DET,0.6574774393311094,1
2025-03-28,MIA,PIT,0.6058178118532173,0
2025-03-28,SDN,ATL,0.49120537295766475,1
2025-03-28,SEA,ATH,0.5729253189300395,0
2025-03-28,TBA,COL,0.6602510145254521,1
2025-03-28,TEX,BOS,0.5252933254323771,1
2025-03-28,TOR,BAL,0.5347279198587174,1
2025-03-29,ARI,CHN,0.4726481599670284,0
2025-03-29,CHA,ANA,0.46771494149685844,0
2025-03-29,CIN,SFN,0.5467385231789305,1
2025-03-29,HOU,NYN,0.5687062679099333,1
2025-03-29,KCA,CLE,0.4544997138546764,1
2025-03-29,LAN,DET,0.6449380575457578,1
2025-03-29,MIA,PIT,0.6027374818757547,1
2025-03-29,NYA,MIL,0.49552681371747886,1
2025-03-29,SDN,ATL,0.47223201600511894,1
2025-03-29,SEA,ATH,0.5918453314402273,0
2025-03-29,SLN,MIN,0.4569512305792696,1
2025-03-29,TBA,COL,0.6639457022582174,0
2025-03-29,TEX,BOS,0.5433847547254673,1
2025-03-29,TOR,BAL,0.5315411332682792,0
2025-03-29,WAS,PHI,0.40282443115610583,0
2025-03-30,ARI,CHN,0.5194426632687854,1
2025-03-30,CHA,ANA,0.49108856089842745,0
2025-03-30,CIN,SFN,0.5679019358370636,0
2025-03-30,KCA,CLE,0.4694929110930374,0
2025-03-30,MIA,PIT,0.5192503454730937,1
2025-03-30,NYA,MIL,0.5358713168182183,1
2025-03-30,SDN,ATL,0.5106480649141026,1
2025-03-30,SEA,ATH,0.5978447840569221,1
2025-03-30,SLN,MIN,0.4994819219188386,1
2025-03-30,TBA,COL,0.6794151096405204,1
2025-03-30,TEX,BOS,0.6024035205443478,1
2025-03-30,TOR,BAL,0.5063182101964656,1
2025-03-30,WAS,PHI,0.37586285342905695,1
2025-03-31,ATH,CHN,0.5138537247115553,0
2025-03-31,BAL,BOS,0.6166954228332794,1
2025-03-31,CHA,MIN,0.4463926040124304,1
2025-03-31,CIN,TEX,0.49627318943811,1
2025-03-31,HOU,SFN,0.6362445344095505,0
2025-03-31,LAN,ATL,0.6053513690273602,1
2025-03-31,MIA,NYN,0.4979442524890288,0
2025-03-31,MIL,KCA,0.6185364049913611,0
2025-03-31,PHI,COL,0.6720358920441827,1
2025-03-31,SDN,CLE,0.6353053727758706,1
2025-03-31,SEA,DET,0.5716732239749163,0
2025-03-31,SLN,ANA,0.5537189707214752,0
2025-03-31,TBA,PIT,0.6242917865360675,1
2025-03-31,TOR,WAS,0.6606551738012656,1
2025-04-01,ATH,CHN,0.5000683490556035,0
2025-04-01,CHA,MIN,0.4055528365445694,0
2025-04-01,CIN,TEX,0.4548422818386072,0
2025-04-01,HOU,SFN,0.6015394032304586,0
2025-04-01,LAN,ATL,0.6031400573876593,1
2025-04-01,MIA,NYN,0.4791750957387277,1
2025-04-01,MIL,KCA,0.6350106548571021,1
2025-04-01,NYA,ARI,0.5186194291339666,0
2025-04-01,SDN,CLE,0.6211123113422813,1
2025-04-01,SEA,DET,0.6320893899168883,0
2025-04-01,SLN,ANA,0.5934309534618799,0
2025-04-01,TBA,PIT,0.6410710583219487,1
2025-04-01,TOR,WAS,0.6276253680241414,1
2025-04-02,ATH,CHN,0.49859338090273214,0
2025-04-02,BAL,BOS,0.5446589353881904,0
2025-04-02,CHA,MIN,0.40539353999937355,0
2025-04-02,CIN,TEX,0.5049562202624487,0
2025-04-02,HOU,SFN,0.5691637102401842,0
2025-04-02,LAN,ATL,0.6162653908724883,1
2025-04-02,MIA,NYN,0.44998486678875327,0
2025-04-02,MIL,KCA,0.6438531774259327,1
2025-04-02,NYA,ARI,0.5330545935850555,0
2025-04-02,PHI,COL,0.6720785298881581,1
2025-04-02,SDN,CLE,0.6479490806598225,1
2025-04-02,SEA,DET,0.5283693744787684,1
2025-04-02,SLN,ANA,0.5903734641222601,1
2025-04-02,TBA,PIT,0.6183754017616772,0
2025-04-02,TOR,WAS,0.6329804654144365,1
2025-04-03,BAL,BOS,0.5277173258025413,0
2025-04-03,MIL,CIN,0.5764509127695263,1
2025-04-03,MIN,HOU,0.5016650930503532,0
2025-04-03,NYA,ARI,0.501823793194552,1
2025-04-03,PHI,COL,0.650517593936556,1
2025-04-04,ANA,CLE,0.47149062412336923,0
2025-04-04,ATL,MIA,0.5847794815820788,1
2025-04-04,BOS,SLN,0.5835315024566465,1
2025-04-04,CHN,SDN,0.4905146537865951,1
2025-04-04,COL,ATH,0.4439726335486447,0
2025-04-04,DET,CHA,0.6379880359962854,1
2025-04-04,KCA,BAL,0.4113111112544796,1
2025-04-04,MIL,CIN,0.547833932256942,1
2025-04-04,NYN,TOR,0.5356109797525742,1
2025-04-04,PHI,LAN,0.461872475348608,1
2025-04-04,PIT,NYA,0.4550780291926937,0
2025-04-04,SFN,SEA,0.5041495487589188,1
2025-04-04,TEX,TBA,0.47769112147094533,1
2025-04-04,WAS,ARI,0.4338200653285167,0
2025-04-05,ANA,CLE,0.47428591623513555,1
2025-04-05,ATL,MIA,0.6231953829756195,0
2025-04-05,CHN,SDN,0.4795931315742275,1
2025-04-05,COL,ATH,0.44120667163363364,0
2025-04-05,DET,CHA,0.6447335749003505,1
2025-04-05,KCA,BAL,0.4192711549196327,0
2025-04-05,MIL,CIN,0.5277676863578525,0
2025-04-05,MIN,HOU,0.5234298968644803,1
2025-04-05,NYN,TOR,0.5414706789520306,1
2025-04-05,PHI,LAN,0.49949089475225356,0
2025-04-05,PIT,NYA,0.42940100542054555,0
2025-04-05,SFN,SEA,0.5084045954663303,1
2025-04-05,TEX,TBA,0.5142279030130589,1
2025-04-05,WAS,ARI,0.44679579360561467,1
2025-04-06,ANA,CLE,0.5030334684547845,1
2025-04-06,BOS,SLN,0.5486377886534979,1
2025-04-06,BOS,SLN,0.5882174388423592,1
2025-04-06,CHN,SDN,0.48783115710826674,0
2025-04-06,COL,ATH,0.44352038407416916,1
2025-04-06,DET,CHA,0.6540284291061346,1
2025-04-06,KCA,BAL,0.46877810609303483,1
2025-04-06,MIL,CIN,0.5247937766574549,1
2025-04-06,MIN,HOU,0.49062941278869376,0
2025-04-06,NYN,TOR,0.5330203368538793,1
2025-04-06,PHI,LAN,0.45747862523702626,1
2025-04-06,PIT,NYA,0.4300005648838188,1
2025-04-06,SFN,SEA,0.4405210886820106,1
2025-04-06,TEX,TBA,0.5192602434158516,1
2025-04-06,WAS,ARI,0.4530377548580022,1
2025-04-07,ARI,BAL,0.4725015138794089,0
2025-04-07,ATH,SDN,0.4437495539253243,0
2025-04-07,BOS,TOR,0.5410849211097156,0
2025-04-07,CHN,TEX,0.5798602622169592,1
2025-04-07,DET,NYA,0.48412907295670793,1
2025-04-07,KCA,MIN,0.44616949343910806,1
2025-04-07,NYN,MIA,0.6105714110022396,1
2025-04-07,PIT,SLN,0.5405288374822811,1
2025-04-07,SEA,HOU,0.5158146954941016,1
2025-04-07,SFN,CIN,0.578359639530106,0
2025-04-07,WAS,LAN,0.3803307981319372,1
2025-04-08,ARI,BAL,0.4743994748515579,1
2025-04-08,ATH,SDN,0.45534208432391726,1
2025-04-08,ATL,PHI,0.5162256433735692,1
2025-04-08,BOS,TOR,0.5406415520440929,0
2025-04-08,CHN,TEX,0.5303908442236145,1
2025-04-08,CLE,CHA,0.5722428212588148,1
2025-04-08,COL,MIL,0.38614446252541734,0
2025-04-08,DET,NYA,0.5399562996269855,1
2025-04-08,KCA,MIN,0.49570852256277764,1
2025-04-08,NYN,MIA,0.5763134712128125,1
2025-04-08,PIT,SLN,0.5427231326109767,0
2025-04-08,SEA,HOU,0.4962583512754476,0
2025-04-08,SFN,CIN,0.5880524970760216,0
2025-04-08,TBA,ANA,0.6637582157300138,0
2025-04-08,WAS,LAN,0.4026692654039494,1
2025-04-09,ARI,BAL,0.4640776142229455,1
2025-04-09,ATH,SDN,0.4980150588714125,0
2025-04-09,ATL,PHI,0.5753619574831955,0
2025-04-09,BOS,TOR,0.5559619983219324,0
2025-04-09,CHN,TEX,0.5609713122671517,0
2025-04-09,CLE,CHA,0.5613327785810299,1
2025-04-09,COL,MIL,0.3978358127961547,0
2025-04-09,DET,NYA,0.4627900357888321,0
2025-04-09,KCA,MIN,0.4887048119201389,0
2025-04-09,NYN,MIA,0.6177457347799786,0
2025-04-09,PIT,SLN,0.529412386751117,1
2025-04-09,SEA,HOU,0.520426500210391,1
2025-04-09,SFN,CIN,0.552641827334067,1
2025-04-09,TBA,ANA,0.6290277958797859,1
2025-04-09,WAS,LAN,0.380418297791588,0
2025-04-10,ATL,PHI,0.5313448983734623,1
2025-04-10,BOS,TOR,0.5434611520843484,1
2025-04-10,CLE,CHA,0.6109497345540057,1
2025-04-10,COL,MIL,0.3847786111148806,1
2025-04-10,KCA,MIN,0.4432178694431196,1
2025-04-10,TBA,ANA,0.5518560709530018,0
2025-04-11,ARI,MIL,0.4674176779733976,0
2025-04-11,ATH,NYN,0.49290635196635585,0
2025-04-11,CHA,BOS,0.3850123699270437,1
2025-04-11,CIN,PIT,0.5705327638739591,1
2025-04-11,CLE,KCA,0.5931935889250317,1
2025-04-11,HOU,ANA,0.5919158021508168,1
2025-04-11,LAN,CHN,0.591909208724797,1
2025-04-11,MIA,WAS,0.5709218692177943,0
2025-04-11,MIN,DET,0.48330487433316954,0
2025-04-11,NYA,SFN,0.5622730025736339,0
2025-04-11,SDN,COL,0.6850198105811027,1
2025-04-11,SEA,TEX,0.48869063387877487,1
2025-04-11,SLN,PHI,0.444621496270284,1
2025-04-11,TBA,ATL,0.49875453254354096,1
2025-04-12,ARI,MIL,0.5048811555891989,1
2025-04-12,ATH,NYN,0.48682124910360086,1
2025-04-12,BAL,TOR,0.5056120535404754,1
2025-04-12,CHA,BOS,0.43622114447773785,1
2025-04-12,CIN,PIT,0.5764605413526238,1
2025-04-12,CLE,KCA,0.609338153746941,1
2025-04-12,HOU,ANA,0.6559167030395237,0
2025-04-12,LAN,CHN,0.5765187276319199,0
2025-04-12,MIA,WAS,0.6070907666053873,1
2025-04-12,MIN,DET,0.5414616438673404,0
2025-04-12,NYA,SFN,0.5365529347056754,1
2025-04-12,SDN,COL,0.6729956801604734,1
2025-04-12,SEA,TEX,0.539893372175327,1
2025-04-12,SLN,PHI,0.4209527447065825,0
2025-04-12,TBA,ATL,0.5253424709063252,0
2025-04-13,ARI,MIL,0.482065818759123,1
2025-04-13,ATH,NYN,0.46366041745821707,0
2025-04-13,BAL,TOR,0.5715062219701228,0
2025-04-13,CHA,BOS,0.40185420459920257,0
2025-04-13,CIN,PIT,0.5409975632525611,1
2025-04-13,CLE,KCA,0.5607661834829553,0
2025-04-13,HOU,ANA,0.644850216947169,1
2025-04-13,LAN,CHN,0.6158623705784908,0
2025-04-13,MIA,WAS,0.5639756505054218,1
2025-04-13,MIN,DET,0.5748126114402383,1
2025-04-13,NYA,SFN,0.5831797318975855,0
2025-04-13,SDN,COL,0.6539155694719687,1
2025-04-13,SEA,TEX,0.5589160633932673,1
2025-04-13,SLN,PHI,0.4384246441978991,1
2025-04-13,TBA,ATL,0.4808088001433136,1
2025-04-14,LAN,COL,0.6741585328957858,1
2025-04-14,MIL,DET,0.5635315829166153,0
2025-04-14,MIN,NYN,0.5091151163868077,0
2025-04-14,NYA,KCA,0.5307361030963296,1
2025-04-14,PHI,SFN,0.5316320335882663,0
2025-04-14,PIT,WAS,0.5456829366193086,1
2025-04-14,SDN,CHN,0.561139066647788,1
2025-04-14,SLN,HOU,0.4643634693683092,1
2025-04-14,TBA,BOS,0.5512288731550825,1
2025-04-14,TOR,ATL,0.4909297989438973,0
2025-04-15,BAL,CLE,0.564191181022111,0
2025-04-15,CHA,ATH,0.4199089093547352,0
2025-04-15,CIN,SEA,0.45195302009890803,1
2025-04-15,LAN,COL,0.7153804891364798,1
2025-04-15,MIA,ARI,0.510894164254761,0
2025-04-15,MIL,DET,0.5255285668762328,1
2025-04-15,MIN,NYN,0.5500938526829996,1
2025-04-15,NYA,KCA,0.5934909505432685,1
2025-04-15,PHI,SFN,0.6119406256828903,1
2025-04-15,PIT,WAS,0.49614854403071484,0
2025-04-15,SDN,CHN,0.498965952743569,0
2025-04-15,SLN,HOU,0.4739946507304741,0
2025-04-15,TBA,BOS,0.5778946003819604,0
2025-04-15,TEX,ANA,0.5497227329129596,1
2025-04-15,TOR,ATL,0.4800133717286594,1
2025-04-16,BAL,CLE,0.5634375968375854,1
2025-04-16,CHA,ATH,0.43199436354631154,0
2025-04-16,CIN,SEA,0.4976447167736352,0
2025-04-16,LAN,COL,0.6918234854025982,1
2025-04-16,MIA,ARI,0.47901696062601806,0
2025-04-16,MIL,DET,0.5787640625397803,1
2025-04-16,MIN,NYN,0.47454497436254456,1
2025-04-16,NYA,KCA,0.642101912737008,1
2025-04-16,PHI,SFN,0.6063225525941671,0
2025-04-16,PIT,WAS,0.5268874635842747,1
2025-04-16,SDN,CHN,0.579281136994552,1
2025-04-16,SLN,HOU,0.4610511132830012,1
2025-04-16,TBA,BOS,0.5488528294978098,0
2025-04-16,TEX,ANA,0.5188924803197845,1
2025-04-16,TOR,ATL,0.49967183930867354,1
2025-04-17,BAL,CLE,0.5640745709318666,1
2025-04-17,CHA,ATH,0.43589201435423913,0
2025-04-17,CIN,SEA,0.492088162636149,0
2025-04-17,DET,KCA,0.5831443536457087,1
2025-04-17,MIA,ARI,0.5182119560165368,0
2025-04-17,NYN,SLN,0.5918346201908623,1
2025-04-17,PHI,SFN,0.6129111253981592,1
2025-04-17,PIT,WAS,0.5272708469519921,1
2025-04-17,TBA,NYA,0.5295245587138587,0
2025-04-17,TEX,ANA,0.5709756499531652,1
2025-04-18,ANA,SFN,0.4715365349618937,1
2025-04-18,ATL,MIN,0.6139027398016554,1
2025-04-18,BAL,CIN,0.5989497702371305,0
2025-04-18,BOS,CHA,0.6579144658203989,1
2025-04-18,CHN,ARI,0.5375950562821203,1
2025-04-18,DET,KCA,0.5581983655497527,1
2025-04-18,HOU,SDN,0.5283649918157303,1
2025-04-18,MIL,ATH,0.5892973382350205,1
2025-04-18,NYN,SLN,0.5836546197028395,1
2025-04-18,PHI,MIA,0.5790652786177387,1
2025-04-18,PIT,CLE,0.5003646204398116,0
2025-04-18,TBA,NYA,0.5698655782919225,0
2025-04-18,TEX,LAN,0.4576905439943672,0
2025-04-18,TOR,SEA,0.5574073949285367,1
2025-04-19,ANA,SFN,0.4874534645860054,0
2025-04-19,ATL,MIN,0.5539021970649399,1
2025-04-19,BAL,CIN,0.5394630044586228,1
2025-04-19,BOS,CHA,0.6502212133427695,1
2025-04-19,CHN,ARI,0.5813219186885873,1
2025-04-19,COL,WAS,0.44674265372651756,0
2025-04-19,DET,KCA,0.5605427990717092,1
2025-04-19,HOU,SDN,0.5398106563403285,1
2025-04-19,MIL,ATH,0.593731060653763,0
2025-04-19,NYN,SLN,0.5995139848780932,1
2025-04-19,PHI,MIA,0.5750895599662231,1
2025-04-19,PIT,CLE,0.5390679195341943,0
2025-04-19,TBA,NYA,0.5396054898760327,1
2025-04-19,TEX,LAN,0.4565611259495865,1
2025-04-19,TOR,SEA,0.4903139797569275,0
2025-04-20,ANA,SFN,0.48079839470061625,1
2025-04-20,ATL,MIN,0.5561030622992432,1
2025-04-20,BAL,CIN,0.5512516851060373,0
2025-04-20,BOS,CHA,0.6568930566114853,0
2025-04-20,CHN,ARI,0.6020287242445991,0
2025-04-20,COL,WAS,0.47827843275945714,0
2025-04-20,COL,WAS,0.4631242720062895,1
2025-04-20,DET,KCA,0.6326891858102379,0
2025-04-20,HOU,SDN,0.5406864345518225,0
2025-04-20,MIL,ATH,0.5735080065287594,1
2025-04-20,NYN,SLN,0.5603342575781778,1
2025-04-20,PHI,MIA,0.5923970262663244,0
2025-04-20,PIT,CLE,0.4946657366701532,0
2025-04-20,TBA,NYA,0.49081254363067145,0
2025-04-20,TEX,LAN,0.4469114751584204,0
2025-04-20,TOR,SEA,0.523828270625846,0
2025-04-21,ATL,SLN,0.6655078815927717,1
2025-04-21,BOS,CHA,0.6603009091494403,1
2025-04-21,CLE,NYA,0.4929589317715845,1
2025-04-21,DET,SDN,0.4901022221844707,1
2025-04-21,HOU,TOR,0.5459912631699347,1
2025-04-21,MIA,CIN,0.49182344656736243,1
2025-04-21,NYN,PHI,0.5529383733638813,1
2025-04-21,SFN,MIL,0.5020696340105316,1
2025-04-22,ANA,PIT,0.5712841876395665,0
2025-04-22,ARI,TBA,0.4833553321358173,1
2025-04-22,ATH,TEX,0.5103259585790758,0
2025-04-22,ATL,SLN,0.6411246042917025,0
2025-04-22,BOS,SEA,0.458182583535693,1
2025-04-22,CHN,LAN,0.4685040754640639,1
2025-04-22,CLE,NYA,0.49915115910519164,1
2025-04-22,DET,SDN,0.474716590493337,0
2025-04-22,HOU,TOR,0.5763687168763945,1
2025-04-22,KCA,COL,0.586898276779994,1
2025-04-22,MIA,CIN,0.509897378695334,1
2025-04-22,MIN,CHA,0.6665569183429033,1
2025-04-22,NYN,PHI,0.5320735576105108,1
2025-04-22,SFN,MIL,0.48224290615324367,0
2025-04-22,WAS,BAL,0.41475311572382967,1
2025-04-23,ANA,PIT,0.49937235331128244,0
2025-04-23,ARI,TBA,0.510819843533538,0
2025-04-23,ATH,TEX,0.5128363659840854,1
2025-04-23,ATL,SLN,0.6350553906098515,1
2025-04-23,BOS,SEA,0.5051759624724687,0
2025-04-23,CHN,LAN,0.4871088552541395,1
2025-04-23,CLE,NYA,0.4903529196668873,0
2025-04-23,DET,SDN,0.5011019655484333,1
2025-04-23,HOU,TOR,0.5538693706730847,1
2025-04-23,MIA,CIN,0.5417707426035586,0
2025-04-23,MIN,CHA,0.6495568574964995,1
2025-04-23,NYN,PHI,0.49620429843923847,1
2025-04-23,SFN,MIL,0.48021950070632025,1
2025-04-23,WAS,BAL,0.44060380355174344,1
2025-04-24,ANA,PIT,0.4961908928939232,1
2025-04-24,ARI,TBA,0.5105662439597098,0
2025-04-24,ATH,TEX,0.4888852282880164,1
2025-04-24,BOS,SEA,0.47891277944547217,0
2025-04-24,KCA,COL,0.607943974177514,1
2025-04-24,KCA,COL,0.6203084477568628,1
2025-04-24,MIN,CHA,0.6332117809299959,0
2025-04-24,SFN,MIL,0.5141097831523159,1
2025-04-24,WAS,BAL,0.4646075351246463,0
2025-04-25,ARI,ATL,0.48677422298562356,0
2025-04-25,ATH,CHA,0.6405024932944379,1
2025-04-25,CHN,PHI,0.5155986943972213,1
2025-04-25,COL,CIN,0.4178704596939787,0
2025-04-25,KCA,HOU,0.4230895803690033,1
2025-04-25,LAN,PIT,0.6384007426873535,0
2025-04-25,MIN,ANA,0.5717104186127081,1
2025-04-25,NYA,TOR,0.4773512719367124,0
2025-04-25,SDN,TBA,0.5306335613824504,0
2025-04-25,SEA,MIA,0.5768198396744814,0
2025-04-25,SFN,TEX,0.5422040345222894,0
2025-04-25,SLN,MIL,0.4569248694086399,1
2025-04-25,WAS,NYN,0.39924374981285177,1
2025-04-26,ARI,ATL,0.47230715520854455,0
2025-04-26,ATH,CHA,0.6696199979805946,0
2025-04-26,CHN,PHI,0.5604466501613075,0
2025-04-26,CLE,BOS,0.4722464483474499,1
2025-04-26,CLE,BOS,0.5117708601784472,0
2025-04-26,COL,CIN,0.4229725903253739,0
2025-04-26,DET,BAL,0.5026635346520409,1
2025-04-26,DET,BAL,0.5425679542238726,1
2025-04-26,KCA,HOU,0.43068163848448393,1
2025-04-26,LAN,PIT,0.6726468996355277,1
2025-04-26,MIN,ANA,0.5664258775002874,1
2025-04-26,SDN,TBA,0.502041920614987,0
2025-04-26,SEA,MIA,0.5972994439439838,1
2025-04-26,SFN,TEX,0.5406135194358213,1
2025-04-26,SLN,MIL,0.4989905111483603,1
2025-04-26,WAS,NYN,0.4216056754318325,0
2025-04-27,ARI,ATL,0.45203479452265694,1
2025-04-27,ATH,CHA,0.6455349463398121,1
2025-04-27,CHN,PHI,0.5079360119642337,0
2025-04-27,CLE,BOS,0.4894560111531231,0
2025-04-27,COL,CIN,0.4371310010675659,0
2025-04-27,DET,BAL,0.5796169577996949,1
2025-04-27,KCA,HOU,0.44311488818255934,0
2025-04-27,LAN,PIT,0.667465214146314,1
2025-04-27,MIN,ANA,0.5464350488739614,1
2025-04-27,NYA,TOR,0.5561564249404399,1
2025-04-27,NYA,TOR,0.5523007766679001,1
2025-04-27,SDN,TBA,0.551929707889449,0
2025-04-27,SEA,MIA,0.5373100722916345,1
2025-04-27,SFN,TEX,0.5477361013011,1
2025-04-27,SLN,MIL,0.48157002890245887,0
2025-04-27,WAS,NYN,0.4488979641002893,1
2025-04-28,BAL,NYA,0.5240929857456337,1
2025-04-28,CIN,SLN,0.5867643567993904,1
2025-04-28,CLE,MIN,0.484988686593705,0
2025-04-28,COL,ATL,0.382166715478917,0
2025-04-28,HOU,DET,0.5745831706846248,1
2025-04-28,LAN,MIA,0.6255021489161311,1
2025-04-28,TEX,ATH,0.5062370605303892,0
2025-04-28,WAS,NYN,0.39736137901749513,0
2025-04-29,BAL,NYA,0.4778403510262445,0
2025-04-29,CHA,MIL,0.3781546763155233,0
2025-04-29,CLE,MIN,0.5457903423177185,1
2025-04-29,COL,ATL,0.40001028261103044,0
2025-04-29,HOU,DET,0.5719869348842439,1
2025-04-29,LAN,MIA,0.6630279119393702,1
2025-04-29,NYN,ARI,0.6057367703619034,1
2025-04-29,PHI,WAS,0.6652742443225499,1
2025-04-29,PIT,CHN,0.40384441438368207,0
2025-04-29,SDN,SFN,0.5740126549868445,1
2025-04-29,SEA,ANA,0.6218709453056116,1
2025-04-29,TBA,KCA,0.5832504734894598,0
2025-04-29,TEX,ATH,0.5846531818913301,1
2025-04-29,TOR,BOS,0.5211942794821672,0
2025-04-30,BAL,NYA,0.5252287536636427,1
2025-04-30,CHA,MIL,0.3910779397249423,0
2025-04-30,CIN,SLN,0.5789229148472187,0
2025-04-30,CIN,SLN,0.5753184833190251,0
2025-04-30,CLE,MIN,0.5106428319574409,1
2025-04-30,COL,ATL,0.3673847134675003,1
2025-04-30,HOU,DET,0.5945642772973586,0
2025-04-30,LAN,MIA,0.6330277312654594,1
2025-04-30,NYN,ARI,0.584424631058305,0
2025-04-30,PHI,WAS,0.6525197202039945,1
2025-04-30,PIT,CHN,0.4388011256334128,1
2025-04-30,SDN,SFN,0.5506041110673903,1
2025-04-30,SEA,ANA,0.6304871008046149,1
2025-04-30,TBA,KCA,0.6391933484208677,0
2025-04-30,TEX,ATH,0.5807656725578486,0
2025-04-30,TOR,BOS,0.5353724696649159,1
2025-05-01,ANA,DET,0.49943104802508714,0
2025-05-01,CHA,MIL,0.40828646977742283,1
2025-05-01,CIN,SLN,0.5623213396119157,1
2025-05-01,CLE,MIN,0.48870830848911073,1
2025-05-01,NYN,ARI,0.6056828637956937,0
2025-05-01,PHI,WAS,0.6489694510659619,0
2025-05-01,PIT,CHN,0.4878421200547078,0
2025-05-01,SFN,COL,0.6217871374914267,0
2025-05-01,TBA,KCA,0.5957899377198548,0
2025-05-01,TEX,ATH,0.531723927369433,0
2025-05-01,TOR,BOS,0.46196865096521217,1
2025-05-02,ANA,DET,0.40784229342649747,0
2025-05-02,ATL,LAN,0.45172916229739807,0
2025-05-02,BAL,KCA,0.5477019933290685,1
2025-05-02,BOS,MIN,0.5578951456393441,1
2025-05-02,CHA,HOU,0.3824742925534377,1
2025-05-02,CIN,WAS,0.566190025871349,1
2025-05-02,MIA,ATH,0.4927491506519121,0
2025-05-02,MIL,CHN,0.49185680459034825,0
2025-05-02,NYA,TBA,0.5325791600018536,1
2025-05-02,PHI,ARI,0.5470236937335539,1
2025-05-02,PIT,SDN,0.39228100917474445,0
2025-05-02,SFN,COL,0.6350438261604081,1
2025-05-02,SLN,NYN,0.47839712661681705,0
2025-05-02,TEX,SEA,0.5178189459960373,0
2025-05-02,TOR,CLE,0.5663166914197677,1
2025-05-03,ANA,DET,0.43575590296980576,1
2025-05-03,ATL,LAN,0.4732952642529612,0
2025-05-03,BAL,KCA,0.5847303356249678,0
2025-05-03,BOS,MIN,0.514618619472702,0
2025-05-03,CHA,HOU,0.40225964860116004,0
2025-05-03,CIN,WAS,0.597172329254327,0
2025-05-03,MIA,ATH,0.45234632830511173,1
2025-05-03,MIL,CHN,0.5250199448130111,0
2025-05-03,NYA,TBA,0.5885381517385933,0
2025-05-03,PHI,ARI,0.5819638204824585,1
2025-05-03,PIT,SDN,0.4430746874096128,0
2025-05-03,SFN,COL,0.6445464791475569,1
2025-05-03,TEX,SEA,0.4621777184426176,0
2025-05-03,TOR,CLE,0.5512894912974542,0
2025-05-04,ANA,DET,0.4253912418447813,0
2025-05-04,ATL,LAN,0.5043168507038165,1
2025-05-04,BAL,KCA,0.5746496387593523,0
2025-05-04,BOS,MIN,0.5867961569802912,0
2025-05-04,CHA,HOU,0.38580616930180056,1
2025-05-04,CIN,WAS,0.6197548362375914,0
2025-05-04,MIA,ATH,0.5460304179802623,0
2025-05-04,MIL,CHN,0.47530338346060774,1
2025-05-04,NYA,TBA,0.5411838339732568,0
2025-05-04,PHI,ARI,0.6047935116851431,0
2025-05-04,PIT,SDN,0.44112460447905033,0
2025-05-04,SFN,COL,0.6369223670763776,1
2025-05-04,SLN,NYN,0.4452899389869358,1
2025-05-04,SLN,NYN,0.48529027815659515,1
2025-05-04,TEX,SEA,0.5177773562410258,1
2025-05-04,TOR,CLE,0.5963959572195747,0
2025-05-05,ARI,NYN,0.5003448956280754,0
2025-05-05,ATH,SEA,0.44968477668829976,1
2025-05-05,ATL,CIN,0.5917391737080546,1
2025-05-05,CHN,SFN,0.5596486825051602,1
2025-05-05,KCA,CHA,0.5890368900838471,1
2025-05-05,MIA,LAN,0.3890604687859677,0
2025-05-05,MIL,HOU,0.5055283357694306,1
2025-05-05,NYA,SDN,0.5262723131097428,0
2025-05-05,SLN,PIT,0.571610888073943,1
2025-05-06,ANA,TOR,0.4531419453457035,1
2025-05-06,ARI,NYN,0.5310540791266644,1
2025-05-06,ATH,SEA,0.5332036750468058,0
2025-05-06,ATL,CIN,0.6239171191556613,1
2025-05-06,BOS,TEX,0.4983057244487075,0
2025-05-06,CHN,SFN,0.547203285159892,0
2025-05-06,KCA,CHA,0.5885920315243875,1
2025-05-06,MIA,LAN,0.386516259497114,1
2025-05-06,MIL,HOU,0.5094118888469359,1
2025-05-06,MIN,BAL,0.5596118974150471,1
2025-05-06,NYA,SDN,0.5206890525495553,1
2025-05-06,SLN,PIT,0.5776629047824319,1
2025-05-06,TBA,PHI,0.5302449640769361,0
2025-05-06,WAS,CLE,0.4764500351952213,1
2025-05-06,WAS,CLE,0.520538354369444,0
2025-05-07,ANA,TOR,0.47217020943133153,1
2025-05-07,ARI,NYN,0.462355567767514,0
2025-05-07,ATH,SEA,0.4618663379718019,0
2025-05-07,ATL,CIN,0.5929015469907606,0
2025-05-07,BOS,TEX,0.5492298376361997,1
2025-05-07,CHN,SFN,0.5998923239287237,0
2025-05-07,COL,DET,0.36985171538968215,0
2025-05-07,KCA,CHA,0.608450908338244,1
2025-05-07,MIA,LAN,0.39277410696015,0
2025-05-07,MIL,HOU,0.5143566688645066,0
2025-05-07,MIN,BAL,0.5671105092761624,1
2025-05-07,NYA,SDN,0.5416602029854407,1
2025-05-07,SLN,PIT,0.5747737506803919,1
2025-05-07,TBA,PHI,0.4998764052367843,0
2025-05-07,WAS,CLE,0.5001630001600257,0
2025-05-08,ANA,TOR,0.4520014085560013,0
2025-05-08,ARI,LAN,0.40948854392559636,1
2025-05-08,ATL,CIN,0.5998712290610968,1
2025-05-08,BOS,TEX,0.5278735709085776,1
2025-05-08,COL,DET,0.41305202621619186,0
2025-05-08,COL,DET,0.37695485168695847,0
2025-05-08,KCA,CHA,0.6153844358341958,1
2025-05-08,MIN,BAL,0.5696209022798612,1
2025-05-08,TBA,PHI,0.4915998264647064,0
2025-05-09,ANA,BAL,0.4629826404916012,0
2025-05-09,ARI,LAN,0.4509995108191139,0
2025-05-09,ATH,NYA,0.48419411159039294,0
2025-05-09,CHA,MIA,0.43331069197188304,1
2025-05-09,CLE,PHI,0.4398406019750975,1
2025-05-09,COL,SDN,0.35256272991059,0
2025-05-09,DET,TEX,0.6045610511607982,1
2025-05-09,HOU,CIN,0.523342857183424,1
2025-05-09,KCA,BOS,0.512669873410122,1
2025-05-09,MIN,SFN,0.5391244273733012,1
2025-05-09,NYN,CHN,0.5530874268320712,1
2025-05-09,PIT,ATL,0.3904462155571624,1
2025-05-09,SEA,TOR,0.587451861404018,0
2025-05-09,TBA,MIL,0.5021633375534358,1
2025-05-09,WAS,SLN,0.5112877900380784,0
2025-05-10,ANA,BAL,0.4587543318801167,1
2025-05-10,ARI,LAN,0.46272455023663456,1
2025-05-10,ATH,NYA,0.49223945153244714,1
2025-05-10,CHA,MIA,0.45907401913380436,0
2025-05-10,CLE,PHI,0.46833322452937154,0
2025-05-10,COL,SDN,0.4010240300075094,0
2025-05-10,DET,TEX,0.5402437743946759,0
2025-05-10,HOU,CIN,0.5771835840198927,0
2025-05-10,KCA,BOS,0.4986270645244504,0
2025-05-10,MIN,SFN,0.5236076060870982,1
2025-05-10,NYN,CHN,0.5870340552728905,0
2025-05-10,PIT,ATL,0.3865675324949226,0
2025-05-10,SEA,TOR,0.5340013663869742,0
2025-05-10,TBA,MIL,0.47666684809362725,1
2025-05-10,WAS,SLN,0.4920675742680289,0
2025-05-11,ANA,BAL,0.4306055243537278,0
2025-05-11,ARI,LAN,0.44506090320971503,0
2025-05-11,ATH,NYA,0.4809571410316406,0
2025-05-11,CHA,MIA,0.48211045158536275,1
2025-05-11,CLE,PHI,0.4836395947887983,0
2025-05-11,COL,SDN,0.395723998314337,1
2025-05-11,DET,TEX,0.5770545319528119,0
2025-05-11,HOU,CIN,0.5988133708202162,1
2025-05-11,KCA,BOS,0.5415747777850344,0
2025-05-11,MIN,SFN,0.5668605102356997,1
2025-05-11,NYN,CHN,0.5702197777078702,1
2025-05-11,PIT,ATL,0.3936024247732799,1
2025-05-11,SEA,TOR,0.5879741868381387,0
2025-05-11,TBA,MIL,0.5586432025494605,0
2025-05-11,WAS,SLN,0.4846447146486763,0
2025-05-12,ATL,WAS,0.667531146522784,1
2025-05-12,CHN,MIA,0.572199885052144,1
2025-05-12,CLE,MIL,0.46992965027629074,1
2025-05-12,DET,BOS,0.49805449048046097,1
2025-05-12,HOU,KCA,0.5977504820166303,0
2025-05-12,NYN,PIT,0.6361942317824525,1
2025-05-12,PHI,SLN,0.5763383559591674,0
2025-05-12,SDN,ANA,0.635158070903201,0
2025-05-12,SEA,NYA,0.5356696173648535,0
2025-05-12,SFN,ARI,0.5270290500472875,0
2025-05-12,TEX,COL,0.6657851901732441,1
2025-05-13,ATL,WAS,0.6810900767187483,1
2025-05-13,CHN,MIA,0.6366512862897772,1
2025-05-13,CIN,CHA,0.641109800724118,0
2025-05-13,CLE,MIL,0.4772188016509529,1
2025-05-13,DET,BOS,0.6094280131395744,1
2025-05-13,HOU,KCA,0.5837544939411621,1
2025-05-13,LAN,ATH,0.6505124552906275,0
2025-05-13,NYN,PIT,0.6505807497672691,1
2025-05-13,SDN,ANA,0.6102025443515959,1
2025-05-13,SEA,NYA,0.492774755089427,1
2025-05-13,SFN,ARI,0.5330355358027148,1
2025-05-13,TEX,COL,0.61167900873069,1
2025-05-13,TOR,TBA,0.4980745906734153,0
2025-05-14,ATL,WAS,0.6586735141611848,0
2025-05-14,BAL,MIN,0.46900278599164813,0
2025-05-14,BAL,MIN,0.4943443397409769,0
2025-05-14,CHN,MIA,0.6515192331627987,0
2025-05-14,CIN,CHA,0.609284241563153,0
2025-05-14,CLE,MIL,0.5101025488130049,0
2025-05-14,DET,BOS,0.611326018579665,1
2025-05-14,HOU,KCA,0.5742421431050085,1
2025-05-14,LAN,ATH,0.6403661657639587,1
2025-05-14,NYN,PIT,0.6625670234293742,0
2025-05-14,PHI,SLN,0.5557240477428284,1
2025-05-14,PHI,SLN,0.5437791184370915,0
2025-05-14,SDN,ANA,0.6756295744428441,1
2025-05-14,SEA,NYA,0.5107798913357601,0
2025-05-14,SFN,ARI,0.52779764238012,0
2025-05-14,TEX,COL,0.6235165168659501,1
2025-05-14,TOR,TBA,0.5038134548620454,1
2025-05-15,ATL,WAS,0.6765333188730669,1
2025-05-15,BAL,MIN,0.5371482759632432,0
2025-05-15,CIN,CHA,0.6036625592248902,1
2025-05-15,LAN,ATH,0.6626765875227674,1
2025-05-15,TEX,HOU,0.5562778276405336,1
2025-05-15,TOR,TBA,0.5416280221352963,0
2025-05-16,ARI,COL,0.6933378434813436,1
2025-05-16,BAL,WAS,0.5719440952914451,0
2025-05-16,BOS,ATL,0.4717847797984284,0
2025-05-16,CHN,CHA,0.6483619001515353,1
2025-05-16,CIN,CLE,0.5059819278094434,1
2025-05-16,KCA,SLN,0.47395404890535375,0
2025-05-16,LAN,ANA,0.668272032013925,0
2025-05-16,MIA,TBA,0.40988831234257295,1
2025-05-16,MIL,MIN,0.5188229423163854,0
2025-05-16,NYA,NYN,0.5171081679633993,1
2025-05-16,PHI,PIT,0.661223743985594,1
2025-05-16,SDN,SEA,0.5737690187061418,0
2025-05-16,SFN,ATH,0.5783820367733038,1
2025-05-16,TEX,HOU,0.48030598383830797,0
2025-05-16,TOR,DET,0.5528419467729617,0
2025-05-17,ARI,COL,0.677690117460268,0
2025-05-17,BAL,WAS,0.6102201045725566,0
2025-05-17,BOS,ATL,0.4660326721735255,1
2025-05-17,CHN,CHA,0.6725492953531387,1
2025-05-17,CIN,CLE,0.5259896798500763,1
2025-05-17,KCA,SLN,0.4952571749660392,0
2025-05-17,LAN,ANA,0.6761524645162551,0
2025-05-17,MIA,TBA,0.4545024478322435,0
2025-05-17,MIL,MIN,0.5456055334926994,0
2025-05-17,NYA,NYN,0.5407769725294334,0
2025-05-17,PHI,PIT,0.6275628877385319,1
2025-05-17,SDN,SEA,0.5952847823904116,0
2025-05-17,SFN,ATH,0.5814186997513718,1
2025-05-17,TEX,HOU,0.484456788785179,1
2025-05-17,TOR,DET,0.49419436747024265,1
2025-05-18,ARI,COL,0.6798829675456838,1
2025-05-18,BAL,WAS,0.6226835709061606,0
2025-05-18,BOS,ATL,0.44346210813525266,0
2025-05-18,CHN,CHA,0.6561741683125639,1
2025-05-18,CIN,CLE,0.5285356663068422,1
2025-05-18,KCA,SLN,0.5033160275690063,1
2025-05-18,LAN,ANA,0.650386324583345,0
2025-05-18,MIA,TBA,0.42619527696795656,1
2025-05-18,MIL,MIN,0.515292603058044,1
2025-05-18,NYA,NYN,0.5774017359204332,1
2025-05-18,PHI,PIT,0.6098036828049492,1
2025-05-18,SDN,SEA,0.5507284987091889,0
2025-05-18,SFN,ATH,0.5444564533295679,1
2025-05-18,TEX,HOU,0.5096146817234242,0
2025-05-18,TOR,DET,0.500588950809831,0
2025-05-19,ATH,ANA,0.521449202842099,0
2025-05-19,BOS,NYN,0.43190349572010767,1
2025-05-19,CHA,SEA,0.38283296647717063,0
2025-05-19,COL,PHI,0.36553302796069315,0
2025-05-19,LAN,ARI,0.6038545696351025,0
2025-05-19,MIA,CHN,0.41135036396340735,1
2025-05-19,MIL,BAL,0.5545922154891345,1
2025-05-19,MIN,CLE,0.5616438065743904,1
2025-05-19,PIT,CIN,0.4812392985777234,0
2025-05-19,SFN,KCA,0.5890578943034886,0
2025-05-19,SLN,DET,0.5252081124227895,1
2025-05-19,TBA,HOU,0.49939905093299264,0
2025-05-20,ATH,ANA,0.620844024779424,0
2025-05-20,BOS,NYN,0.44771249599379553,1
2025-05-20,CHA,SEA,0.40938570830392534,1
2025-05-20,COL,PHI,0.38125229326904836,0
2025-05-20,LAN,ARI,0.6010922881836569,1
2025-05-20,MIA,CHN,0.43444463416340495,0
2025-05-20,MIL,BAL,0.5008849160405995,1
2025-05-20,NYA,TEX,0.572266777757331,1
2025-05-20,PIT,CIN,0.4506766317178726,1
2025-05-20,SFN,KCA,0.5794708075321692,1
2025-05-20,SLN,DET,0.48383836312499723,0
2025-05-20,TBA,HOU,0.501528769851331,1
2025-05-20,TOR,SDN,0.4901463269141825,1
2025-05-20,WAS,ATL,0.3844528130719798,1
2025-05-21,ATH,ANA,0.5705749159084894,0
2025-05-21,BOS,NYN,0.5443284738846833,0
2025-05-21,CHA,SEA,0.3846346941940726,0
2025-05-21,COL,PHI,0.3421112519553429,0
2025-05-21,LAN,ARI,0.5804537541505272,1
2025-05-21,MIA,CHN,0.41295045584276013,0
2025-05-21,MIL,BAL,0.5634290835612717,0
2025-05-21,MIN,CLE,0.5345286016133877,0
2025-05-21,NYA,TEX,0.5850536770626812,1
2025-05-21,PIT,CIN,0.46448569728902617,1
2025-05-21,SFN,KCA,0.6106136463891451,0
2025-05-21,SLN,DET,0.5288964275871979,0
2025-05-21,TBA,HOU,0.49046748806942897,1
2025-05-21,TOR,SDN,0.5060735625691309,1
2025-05-22,ATH,ANA,0.5335606353830831,0
2025-05-22,COL,PHI,0.393680944202283,0
2025-05-22,DET,CLE,0.4981863815455277,0
2025-05-22,HOU,SEA,0.5348716802005359,1
2025-05-22,NYA,TEX,0.6263794497203705,1
2025-05-22,PIT,MIL,0.4446535661283793,0
2025-05-22,TOR,SDN,0.5770691456240565,1
2025-05-22,WAS,ATL,0.41563191466106497,1
2025-05-23,ANA,MIA,0.5250384670156536,1
2025-05-23,ATH,PHI,0.4331167560349698,0
2025-05-23,ATL,SDN,0.6161330577249918,0
2025-05-23,BOS,BAL,0.5641220780315186,1
2025-05-23,CHA,TEX,0.4174369550973452,1
2025-05-23,CIN,CHN,0.4747821987894112,0
2025-05-23,COL,NYA,0.3746775999501222,1
2025-05-23,DET,CLE,0.562877803799142,0
2025-05-23,HOU,SEA,0.5781789993380134,0
2025-05-23,MIN,KCA,0.5756238992877251,1
2025-05-23,NYN,LAN,0.49506850865282054,0
2025-05-23,PIT,MIL,0.46968391367127377,1
2025-05-23,SLN,ARI,0.5517901073065994,1
2025-05-23,TBA,TOR,0.5230952146999678,1
2025-05-23,WAS,SFN,0.4643210334942444,0
2025-05-24,ANA,MIA,0.5484894487966847,0
2025-05-24,ATH,PHI,0.44071638732206775,0
2025-05-24,ATL,SDN,0.5813622427833336,1
2025-05-24,BOS,BAL,0.4865146759828618,1
2025-05-24,BOS,BAL,0.5214723109414162,0
2025-05-24,CHA,TEX,0.4304572755888479,1
2025-05-24,CIN,CHN,0.48894190258695563,1
2025-05-24,COL,NYA,0.3655295130007057,0
2025-05-24,DET,CLE,0.5516202647156708,0
2025-05-24,HOU,SEA,0.5314277005493923,1
2025-05-24,MIN,KCA,0.5663001637559301,1
2025-05-24,NYN,LAN,0.46110801344483093,1
2025-05-24,PIT,MIL,0.441125075938554,1
2025-05-24,SLN,ARI,0.5115532286177533,1
2025-05-24,TBA,TOR,0.5842987096382897,1
2025-05-24,WAS,SFN,0.4550462507287947,1
2025-05-25,ANA,MIA,0.5071489819223618,0
2025-05-25,ATH,PHI,0.4482489332493935,1
2025-05-25,ATL,SDN,0.603810446084863,0
2025-05-25,BOS,BAL,0.6025950435516466,0
2025-05-25,CHA,TEX,0.43515131184641165,0
2025-05-25,CIN,CHN,0.4332660766046194,0
2025-05-25,COL,NYA,0.34898047972358576,0
2025-05-25,DET,CLE,0.5716796818492624,1
2025-05-25,HOU,SEA,0.5408476957251419,1
2025-05-25,MIN,KCA,0.6156086331412941,0
2025-05-25,NYN,LAN,0.518059144174691,1
2025-05-25,PIT,MIL,0.42542864424130067,0
2025-05-25,SLN,ARI,0.5909756470004619,1
2025-05-25,TBA,TOR,0.5716374307558434,1
2025-05-25,WAS,SFN,0.48933973687273674,0
2025-05-26,ANA,NYA,0.4205416692516729,0
2025-05-26,ARI,PIT,0.6169426745156632,1
2025-05-26,BAL,SLN,0.5114070250619601,1
2025-05-26,CHN,COL,0.7124074269944204,1
2025-05-26,CLE,LAN,0.40717381452252116,0
2025-05-26,DET,SFN,0.5601425611925595,1
2025-05-26,KCA,CIN,0.506197790900687,0
2025-05-26,MIL,BOS,0.4956798010039773,1
2025-05-26,NYN,CHA,0.6788206747287708,1
2025-05-26,SDN,MIA,0.5923516469027327,1
2025-05-26,TBA,MIN,0.5139418752535883,1
2025-05-26,TEX,TOR,0.5489221435073205,0
2025-05-27,ANA,NYA,0.4206377776107804,0
2025-05-27,ARI,PIT,0.648865727430206,0
2025-05-27,BAL,SLN,0.49056235646090207,0
2025-05-27,CHN,COL,0.6775890810030327,1
2025-05-27,CLE,LAN,0.43545317429385855,0
2025-05-27,DET,SFN,0.5307318800493603,1
2025-05-27,HOU,ATH,0.6309843202590494,1
2025-05-27,KCA,CIN,0.5366210185805602,0
2025-05-27,MIL,BOS,0.5800239839621079,1
2025-05-27,NYN,CHA,0.6775415449691424,1
2025-05-27,PHI,ATL,0.48604091080142814,1
2025-05-27,SDN,MIA,0.5592938981403944,1
2025-05-27,SEA,WAS,0.6423531600671343,1
2025-05-27,TBA,MIN,0.5030206721302454,0
2025-05-27,TEX,TOR,0.5173084132520881,1
2025-05-28,ANA,NYA,0.42932753652017097,0
2025-05-28,ARI,PIT,0.5357168393320122,0
2025-05-28,BAL,SLN,0.49572917276065953,0
2025-05-28,CHN,COL,0.6803510062213786,1
2025-05-28,CLE,LAN,0.41691844567641895,1
2025-05-28,DET,SFN,0.5578558844885797,1
2025-05-28,HOU,ATH,0.6387742498330716,1
2025-05-28,KCA,CIN,0.5162307610409372,1
2025-05-28,MIL,BOS,0.5867667764336452,1
2025-05-28,NYN,CHA,0.6518228468619238,0
2025-05-28,SDN,MIA,0.5927858801610072,0
2025-05-28,SEA,WAS,0.6463121109442047,0
2025-05-28,TBA,MIN,0.5670579775941039,1
2025-05-28,TEX,TOR,0.524957218736616,0
2025-05-29,HOU,TBA,0.535565949843994,0
2025-05-29,PHI,ATL,0.5147093546812974,1
2025-05-29,PHI,ATL,0.5326848180915401,0
2025-05-29,SEA,WAS,0.6366425204485493,0
2025-05-29,TOR,ATH,0.5498068287729668,1
2025-05-30,ARI,WAS,0.6049326800411223,0
2025-05-30,ATL,BOS,0.6093294844901637,0
2025-05-30,BAL,CHA,0.5686097183966291,1
2025-05-30,CHN,CIN,0.5678298344949985,0
2025-05-30,CLE,ANA,0.5528017953335423,0
2025-05-30,HOU,TBA,0.5340557359285996,1
2025-05-30,KCA,DET,0.5020101439849575,0
2025-05-30,LAN,NYA,0.5597623719161526,1
2025-05-30,MIA,SFN,0.4970011120509657,0
2025-05-30,NYN,COL,0.6666233663137919,1
2025-05-30,PHI,MIL,0.5658293604146263,0
2025-05-30,SDN,PIT,0.6482416142476338,1
2025-05-30,SEA,MIN,0.5428473533232259,0
2025-05-30,TEX,SLN,0.49128675173098396,1
2025-05-30,TOR,ATH,0.5427124594575506,1
2025-05-31,ARI,WAS,0.5845236866085963,0
2025-05-31,ATL,BOS,0.5929979120856685,1
2025-05-31,BAL,CHA,0.5651621791577726,1
2025-05-31,CHN,CIN,0.567238768147794,1
2025-05-31,CLE,ANA,0.5526686651468369,1
2025-05-31,HOU,TBA,0.5658224358073098,0
2025-05-31,KCA,DET,0.4382494469959769,1
2025-05-31,LAN,NYA,0.5333288543177535,1
2025-05-31,MIA,SFN,0.508209844567888,1
2025-05-31,NYN,COL,0.6772251122282199,1
2025-05-31,PHI,MIL,0.5500153615047323,0
2025-05-31,SDN,PIT,0.6389188512985167,0
2025-05-31,SEA,MIN,0.5102470460512082,1
2025-05-31,TEX,SLN,0.512693874284943,0
2025-05-31,TOR,ATH,0.5920565474435451,1
2025-06-01,ARI,WAS,0.5935930974871334,1
2025-06-01,ATL,BOS,0.5521538963720768,0
2025-06-01,BAL,CHA,0.5619549053911282,1
2025-06-01,CHN,CIN,0.5466025773924803,1
2025-06-01,CLE,ANA,0.6007728930359543,1
2025-06-01,HOU,TBA,0.5531822036375315,1
2025-06-01,KCA,DET,0.48526279920137017,0
2025-06-01,LAN,NYA,0.5880561924523199,0
2025-06-01,MIA,SFN,0.4960629519861937,0
2025-06-01,NYN,COL,0.671530622905619,1
2025-06-01,PHI,MIL,0.5231928129251472,0
2025-06-01,SDN,PIT,0.5987444733322033,1
2025-06-01,SEA,MIN,0.5487462683161811,1
2025-06-01,TEX,SLN,0.5648682586801632,1
2025-06-01,TOR,ATH,0.6231360442585911,1
2025-06-02,ATH,MIN,0.4358416553372806,0
2025-06-02,BOS,ANA,0.5588419164286474,0
2025-06-02,CHA,DET,0.4020090393573776,0
2025-06-02,CIN,MIL,0.46624359130521764,0
2025-06-02,LAN,NYN,0.6103876868896326,0
2025-06-02,MIA,COL,0.6078319053406421,0
2025-06-02,SFN,SDN,0.5518896006007478,0
2025-06-03,ATH,MIN,0.431857835128302,0
2025-06-03,ATL,ARI,0.5779118605319425,0
2025-06-03,BOS,ANA,0.5664474017879181,0
2025-06-03,CHA,DET,0.39332299753681454,1
2025-06-03,CIN,MIL,0.4694056855805657,1
2025-06-03,LAN,NYN,0.6104858299266246,1
2025-06-03,MIA,COL,0.604304050582508,0
2025-06-03,NYA,CLE,0.5736854652063199,1
2025-06-03,PIT,HOU,0.4730579052419249,0
2025-06-03,SEA,BAL,0.5532218513274026,0
2025-06-03,SFN,SDN,0.5188150443234213,0
2025-06-03,SLN,KCA,0.5751683725331554,0
2025-06-03,TBA,TEX,0.6067095346284467,1
2025-06-03,TOR,PHI,0.480259802960433,0
2025-06-03,WAS,CHN,0.43034483276056457,0
2025-06-04,ATH,MIN,0.4564991716763449,0
2025-06-04,ATL,ARI,0.5646199607171004,0
2025-06-04,BOS,ANA,0.5378048685452833,1
2025-06-04,CHA,DET,0.3939181988350463,0
2025-06-04,CIN,MIL,0.4904374722931092,0
2025-06-04,LAN,NYN,0.6147077660388537,0
2025-06-04,MIA,COL,0.6403579633184399,0
2025-06-04,NYA,CLE,0.5862536392538575,0
2025-06-04,PIT,HOU,0.44319217397737226,1
2025-06-04,SEA,BAL,0.6214212700082272,0
2025-06-04,SFN,SDN,0.47925468009189726,1
2025-06-04,TBA,TEX,0.5441973974483705,1
2025-06-04,TOR,PHI,0.478869900395426,1
2025-06-04,WAS,CHN,0.4722320212918739,1
2025-06-05,ATH,MIN,0.4438641302704892,1
2025-06-05,ATL,ARI,0.6306554942413409,0
2025-06-05,CHA,DET,0.4503489733083403,1
2025-06-05,LAN,NYN,0.5836955451005247,1
2025-06-05,NYA,CLE,0.5478728665990609,1
2025-06-05,PIT,HOU,0.44215105606052846,0
2025-06-05,SEA,BAL,0.5619910802171567,0
2025-06-05,SFN,SDN,0.4346917938858482,1
2025-06-05,SLN,KCA,0.6087221285328065,1
2025-06-05,SLN,KCA,0.5687589224986493,0
2025-06-05,TBA,TEX,0.5333331879386563,1
2025-06-05,TOR,PHI,0.4627312401888514,1
2025-06-05,WAS,CHN,0.4566812565301766,0
2025-06-06,ANA,SEA,0.44044086660557163,1
2025-06-06,ATH,BAL,0.5087262740949702,1
2025-06-06,CHA,KCA,0.44545150591582666,1
2025-06-06,CIN,ARI,0.5150521381065853,1
2025-06-06,CLE,HOU,0.47474317727823134,0
2025-06-06,COL,NYN,0.3403368438382497,0
2025-06-06,DET,CHN,0.5191187085018445,1
2025-06-06,MIL,SDN,0.5507453104157825,0
2025-06-06,MIN,TOR,0.559475977632136,0
2025-06-06,NYA,BOS,0.5621696724036747,1
2025-06-06,PIT,PHI,0.42688298799008195,1
2025-06-06,SFN,ATL,0.43325914231344304,1
2025-06-06,SLN,LAN,0.4757065689768075,1
2025-06-06,TBA,MIA,0.5464889680894925,1
2025-06-06,WAS,TEX,0.5133837580367367,1
2025-06-07,ANA,SEA,0.4521780186948422,1
2025-06-07,ATH,BAL,0.4877201746848361,0
2025-06-07,CHA,KCA,0.4916196616908301,1
2025-06-07,CIN,ARI,0.5800263925827724,1
2025-06-07,CLE,HOU,0.5121018173198121,0
2025-06-07,COL,NYN,0.39881485500131836,0
2025-06-07,DET,CHN,0.5570538309892776,0
2025-06-07,MIL,SDN,0.5667243785744452,1
2025-06-07,MIN,TOR,0.5341492122520769,0
2025-06-07,NYA,BOS,0.5946553217642846,0
2025-06-07,PIT,PHI,0.43352027797300907,1
2025-06-07,SFN,ATL,0.508625839951416,1
2025-06-07,SLN,LAN,0.43242163499711955,1
2025-06-07,TBA,MIA,0.6306353959203371,0
2025-06-07,WAS,TEX,0.5062990050861071,0
2025-06-08,ANA,SEA,0.46218279801970796,0
2025-06-08,ATH,BAL,0.5005181675298795,1
2025-06-08,CHA,KCA,0.48236179938497875,0
2025-06-08,CIN,ARI,0.5285013828011581,1
2025-06-08,CLE,HOU,0.5169835125678629,1
2025-06-08,COL,NYN,0.36087461688270234,0
2025-06-08,DET,CHN,0.48369546967917804,1
2025-06-08,MIL,SDN,0.580009163402151,0
2025-06-08,MIN,TOR,0.5217803339965829,1
2025-06-08,NYA,BOS,0.5828338982829888,0
2025-06-08,PIT,PHI,0.47044526606154374,1
2025-06-08,SFN,ATL,0.4541999073917263,1
2025-06-08,SLN,LAN,0.4327086782797113,0
2025-06-08,TBA,MIA,0.647514490175561,1
2025-06-08,WAS,TEX,0.4856017097934491,0
2025-06-09,ANA,ATH,0.5434064579381616,1
2025-06-09,ARI,SEA,0.5392255930096702,1
2025-06-09,BOS,TBA,0.4528314048438793,0
2025-06-09,CLE,CIN,0.5129055296057289,0
2025-06-09,MIL,ATL,0.49064586218692463,0
2025-06-09,PHI,CHN,0.542671012351572,1
2025-06-09,PIT,MIA,0.49071370035085426,1
2025-06-09,SDN,LAN,0.44127177527989964,0
2025-06-09,SLN,TOR,0.5550085342121764,0
2025-06-10,ANA,ATH,0.5661585757774438,1
2025-06-10,ARI,SEA,0.5319607582322763,1
2025-06-10,BAL,DET,0.46845526242990276,0
2025-06-10,BOS,TBA,0.42674143745145077,1
2025-06-10,CLE,CIN,0.5049342662981005,0
2025-06-10,COL,SFN,0.3832538659201394,0
2025-06-10,HOU,CHA,0.6467947278687234,0
2025-06-10,KCA,NYA,0.4061657190360275,0
2025-06-10,MIL,ATL,0.5313450577312177,1
2025-06-10,MIN,TEX,0.5655905979203242,0
2025-06-10,NYN,WAS,0.6694623645402774,1
2025-06-10,PHI,CHN,0.5447775162488937,0
2025-06-10,PIT,MIA,0.5183069078802768,0
2025-06-10,SDN,LAN,0.48704813904615396,1
2025-06-10,SLN,TOR,0.53240350970191,0
2025-06-11,ANA,ATH,0.5555822762636528,1
2025-06-11,ARI,SEA,0.47741976318292734,1
2025-06-11,BAL,DET,0.5333786458904453,1
2025-06-11,BOS,TBA,0.5188358091292745,1
2025-06-11,CLE,CIN,0.5018263715816984,1
2025-06-11,COL,SFN,0.4002978550894635,0
2025-06-11,HOU,CHA,0.655239693181158,1
2025-06-11,KCA,NYA,0.42704068962640523,0
2025-06-11,MIL,ATL,0.4641451691079045,0
2025-06-11,MIN,TEX,0.5615051144185782,1
2025-06-11,NYN,WAS,0.6559075085158304,1
2025-06-11,PHI,CHN,0.4754832209227056,1
2025-06-11,PIT,MIA,0.5252930210091712,1
2025-06-11,SDN,LAN,0.4900040015508442,0
2025-06-11,SLN,TOR,0.5375910119919926,0
2025-06-12,BAL,DET,0.49447959608888137,0
2025-06-12,CHN,PIT,0.639411020952679,1
2025-06-12,COL,SFN,0.39717180728373935,1
2025-06-12,HOU,CHA,0.645926556762602,1
2025-06-12,KCA,NYA,0.468315052643636,0
2025-06-12,MIL,SLN,0.5403583602283913,1
2025-06-12,MIN,TEX,0.5552315633707045,0
2025-06-12,NYN,WAS,0.6693610428769898,1
2025-06-13,ARI,SDN,0.5298795670464794,1
2025-06-13,ATL,COL,0.7013327199520925,1
2025-06-13,BAL,ANA,0.5088187328565316,1
2025-06-13,BOS,NYA,0.46949997207859695,1
2025-06-13,CHN,PIT,0.5997595867231674,0
2025-06-13,DET,CIN,0.5529706320826462,1
2025-06-13,HOU,MIN,0.5833463541488111,1
2025-06-13,KCA,ATH,0.5627878215975981,0
2025-06-13,LAN,SFN,0.5679593925403614,0
2025-06-13,MIL,SLN,0.6225539499129136,1
2025-06-13,NYN,TBA,0.575151947572745,0
2025-06-13,PHI,TOR,0.5105077936416924,1
2025-06-13,SEA,CLE,0.528620822762233,1
2025-06-13,TEX,CHA,0.6502361558344957,1
2025-06-13,WAS,MIA,0.5414700947676261,0
2025-06-14,ARI,SDN,0.5511424855597468,1
2025-06-14,ATL,COL,0.7065736430839321,1
2025-06-14,BAL,ANA,0.5271986527781569,1
2025-06-14,BOS,NYA,0.47580248664034874,1
2025-06-14,CHN,PIT,0.6411763928539982,1
2025-06-14,DET,CIN,0.5254333839961306,0
2025-06-14,HOU,MIN,0.5878723710100032,1
2025-06-14,KCA,ATH,0.5431172844088341,0
2025-06-14,LAN,SFN,0.5349660307183595,1
2025-06-14,MIL,SLN,0.6037142882733897,0
2025-06-14,NYN,TBA,0.5295879220478609,0
2025-06-14,PHI,TOR,0.5616503006227724,1
2025-06-14,SEA,CLE,0.5290095920620225,1
2025-06-14,TEX,CHA,0.6352180619327402,1
2025-06-14,WAS,MIA,0.5311255297668881,0
2025-06-15,ARI,SDN,0.5092886866269785,0
2025-06-15,ATL,COL,0.6882050796890505,0
2025-06-15,BAL,ANA,0.5595318880674568,1
2025-06-15,BOS,NYA,0.46201836184942785,1
2025-06-15,CHN,PIT,0.601521499410718,1
2025-06-15,DET,CIN,0.6045373661277784,0
2025-06-15,HOU,MIN,0.538214131477927,1
2025-06-15,KCA,ATH,0.4981508620053003,0
2025-06-15,LAN,SFN,0.5947380356128534,1
2025-06-15,MIL,SLN,0.5617393859805814,1
2025-06-15,NYN,TBA,0.5463709488579827,0
2025-06-15,PHI,TOR,0.5853221131337445,1
2025-06-15,SEA,CLE,0.523299032370481,1
2025-06-15,TEX,CHA,0.6322390114219719,1
2025-06-15,WAS,MIA,0.5181221492472633,0
2025-06-16,ATH,HOU,0.454725388583304,1
2025-06-16,LAN,SDN,0.6078026208097733,1
2025-06-16,MIA,PHI,0.47169115084900015,0
2025-06-16,NYA,ANA,0.5929112501222493,0
2025-06-16,SEA,BOS,0.5708854425059331,0
2025-06-16,TBA,BAL,0.5762076963428494,1
2025-06-16,WAS,COL,0.6207241135754596,0
2025-06-17,ATH,HOU,0.45531934011771996,0
2025-06-17,ATL,NYN,0.5593428887728444,1
2025-06-17,CHA,SLN,0.4324074389073077,0
2025-06-17,CHN,MIL,0.5652541399940335,1
2025-06-17,CIN,MIN,0.5424500136514758,1
2025-06-17,DET,PIT,0.5794306477526692,1
2025-06-17,LAN,SDN,0.575591792786635,1
2025-06-17,MIA,PHI,0.4225258810488785,1
2025-06-17,NYA,ANA,0.6279369060245965,0
2025-06-17,SEA,BOS,0.5352563748404757,1
2025-06-17,SFN,CLE,0.5806570672141365,0
2025-06-17,TBA,BAL,0.5476278618681889,0
2025-06-17,TEX,KCA,0.5692037834175548,0
2025-06-17,TOR,ARI,0.5640824578360129,1
2025-06-17,WAS,COL,0.6401016837867805,0
2025-06-18,ATH,HOU,0.4431249698664034,0
2025-06-18,ATL,NYN,0.5838556384579593,1
2025-06-18,CIN,MIN,0.4673733951995846,1
2025-06-18,LAN,SDN,0.59082748355869,1
2025-06-18,MIA,PHI,0.4201892368704949,0
2025-06-18,NYA,ANA,0.6281761399571743,0
2025-06-18,SEA,BOS,0.5190332071319758,0
2025-06-18,SFN,CLE,0.5623090961625121,0
2025-06-18,TBA,BAL,0.5678101374083424,1
2025-06-18,TEX,KCA,0.5648759365793056,0
2025-06-18,TOR,ARI,0.5311937122724015,1
2025-06-18,WAS,COL,0.6064062848144,0
2025-06-19,ATH,HOU,0.4551000917687877,1
2025-06-19,ATL,NYN,0.556541302263794,1
2025-06-19,CHA,SLN,0.43678885928929845,0
2025-06-19,CHA,SLN,0.4105896286744231,0
2025-06-19,CHN,MIL,0.5018288764810214,0
2025-06-19,CIN,MIN,0.5749035339889313,0
2025-06-19,DET,PIT,0.5884899178859947,1
2025-06-19,DET,PIT,0.6118360793744938,0
2025-06-19,LAN,SDN,0.5603781674668299,0
2025-06-19,MIA,PHI,0.45633694597789026,0
2025-06-19,NYA,ANA,0.6343582620235071,1
2025-06-19,SFN,CLE,0.5458035439723589,1
2025-06-19,TBA,BAL,0.6571117486993767,0
2025-06-19,TEX,KCA,0.5515686806417425,0
2025-06-19,TOR,ARI,0.5921914309551992,0
2025-06-19,WAS,COL,0.6019137477529465,1
2025-06-20,ANA,HOU,0.4667684866307574,0
2025-06-20,ATH,CLE,0.4954939774183013,1
2025-06-20,CHN,SEA,0.5025020041409144,0
2025-06-20,COL,ARI,0.4344182930982812,0
2025-06-20,LAN,WAS,0.6801433953642745,1
2025-06-20,MIA,ATL,0.398208416876956,1
2025-06-20,MIN,MIL,0.49348028287367834,0
2025-06-20,NYA,BAL,0.5649407441023209,0
2025-06-20,PHI,NYN,0.5769373140301117,1
2025-06-20,PIT,TEX,0.4661068290429435,0
2025-06-20,SDN,KCA,0.5838716300374311,0
2025-06-20,SFN,BOS,0.542344025860891,0
2025-06-20,SLN,CIN,0.5661766379618338,1
2025-06-20,TBA,DET,0.591943480703975,1
2025-06-20,TOR,CHA,0.6537031010291142,0
2025-06-21,ANA,HOU,0.4681479896689615,1
2025-06-21,ATH,CLE,0.5053717636267937,0
2025-06-21,CHN,SEA,0.5900006533280513,1
2025-06-21,COL,ARI,0.3929092972833797,0
2025-06-21,LAN,WAS,0.6731300020710286,0
2025-06-21,MIA,ATL,0.41057650463262924,0
2025-06-21,MIN,MIL,0.4977428115998914,0
2025-06-21,NYA,BAL,0.5542172753959581,1
2025-06-21,PHI,NYN,0.5621847258111734,0
2025-06-21,PIT,TEX,0.4595813150718804,0
2025-06-21,SDN,KCA,0.5644197055718555,1
2025-06-21,SFN,BOS,0.5689715276381819,1
2025-06-21,SLN,CIN,0.5705584773523563,1
2025-06-21,TBA,DET,0.5749805622884097,1
2025-06-21,TOR,CHA,0.6282048433003716,1
2025-06-22,ANA,HOU,0.47691530178110125,0
2025-06-22,ATH,CLE,0.496986965637873,0
2025-06-22,CHN,SEA,0.5192235483882474,0
2025-06-22,COL,ARI,0.40903812567413983,1
2025-06-22,LAN,WAS,0.6728551547642126,1
2025-06-22,MIA,ATL,0.44844862246039346,1
2025-06-22,MIN,MIL,0.5402966376423544,0
2025-06-22,NYA,BAL,0.5221171741808059,1
2025-06-22,PHI,NYN,0.5265251342504252,1
2025-06-22,PIT,TEX,0.45645989287516436,1
2025-06-22,SDN,KCA,0.5467024151843389,1
2025-06-22,SFN,BOS,0.5724752058803279,1
2025-06-22,SLN,CIN,0.5168743487164718,0
2025-06-22,TBA,DET,0.589280921917055,0
2025-06-22,TOR,CHA,0.6585807654033446,0
2025-06-23,ANA,BOS,0.46713116815429606,1
2025-06-23,BAL,TEX,0.5336710567751942,1
2025-06-23,CHA,ARI,0.43980470780819747,0
2025-06-23,CIN,NYA,0.4701300473139024,1
2025-06-23,MIL,PIT,0.6343073868096128,0
2025-06-23,MIN,SEA,0.535624138479053,0
2025-06-23,NYN,ATL,0.4955975652938636,0
2025-06-23,SDN,WAS,0.6346627300309059,0
2025-06-23,SLN,CHN,0.4599986974894292,1
2025-06-24,ANA,BOS,0.48995962865183923,1
2025-06-24,BAL,TEX,0.5177177825325976,0
2025-06-24,CHA,ARI,0.48863852144111963,0
2025-06-24,CIN,NYA,0.4848922108853765,1
2025-06-24,CLE,TOR,0.480230775075587,0
2025-06-24,COL,LAN,0.37508974326189237,0
2025-06-24,DET,ATH,0.6380451730021169,1
2025-06-24,HOU,PHI,0.5424604739667893,1
2025-06-24,KCA,TBA,0.4430572386704973,0
2025-06-24,MIL,PIT,0.6198052422620661,1
2025-06-24,MIN,SEA,0.4680350439810489,0
2025-06-24,NYN,ATL,0.4704518858010705,0
2025-06-24,SDN,WAS,0.6401890175196299,1
2025-06-24,SFN,MIA,0.6060819843710116,0
2025-06-24,SLN,CHN,0.5191291896272134,1
2025-06-25,ANA,BOS,0.5234382798688485,1
2025-06-25,BAL,TEX,0.4785280537508226,0
2025-06-25,CHA,ARI,0.4495809777439228,1
2025-06-25,CIN,NYA,0.5038813324422113,0
2025-06-25,CLE,TOR,0.4751945151039429,1
2025-06-25,COL,LAN,0.3386895340066797,0
2025-06-25,DET,ATH,0.5750106022713767,0
2025-06-25,HOU,PHI,0.45678678770362,1
2025-06-25,KCA,TBA,0.40302040597272254,0
2025-06-25,MIL,PIT,0.6160891922937961,1
2025-06-25,MIN,SEA,0.48532080335943345,1
2025-06-25,NYN,ATL,0.5398015650509039,1
2025-06-25,SDN,WAS,0.6593697931281307,1
2025-06-25,SFN,MIA,0.5875006389106229,0
2025-06-25,SLN,CHN,0.5094209183349991,0
2025-06-26,CLE,TOR,0.5325116384481602,0
2025-06-26,COL,LAN,0.38695655333595796,0
2025-06-26,DET,ATH,0.5725501748783054,1
2025-06-26,HOU,PHI,0.5237123808126019,1
2025-06-26,KCA,TBA,0.4215552273387304,0
2025-06-26,MIN,SEA,0.5370772101942817,1
2025-06-26,NYN,ATL,0.4959236809467892,1
2025-06-26,SFN,MIA,0.5768912414998064,0
2025-06-26,SLN,CHN,0.498324421392724,0
2025-06-27,ANA,WAS,0.5859087030099005,0
2025-06-27,ARI,MIA,0.5573908711231815,0
2025-06-27,ATL,PHI,0.5395989376533995,0
2025-06-27,BAL,TBA,0.41937001199160484,1
2025-06-27,BOS,TOR,0.5046239748006014,0
2025-06-27,CHA,SFN,0.44901342629545427,0
2025-06-27,CIN,SDN,0.4900797972057444,1
2025-06-27,CLE,SLN,0.5174474563804223,0
2025-06-27,DET,MIN,0.5737239937900761,0
2025-06-27,HOU,CHN,0.5141896357002432,1
2025-06-27,KCA,LAN,0.3877253602282592,0
2025-06-27,MIL,COL,0.6746893338453476,1
2025-06-27,NYA,ATH,0.6245258122861808,1
2025-06-27,PIT,NYN,0.4260856480102574,1
2025-06-27,TEX,SEA,0.5160597695024893,0
2025-06-28,ANA,WAS,0.5725617362938142,1
2025-06-28,ARI,MIA,0.5171297031700797,0
2025-06-28,ATL,PHI,0.5331365788469937,1
2025-06-28,BAL,TBA,0.5082040989873515,0
2025-06-28,BOS,TOR,0.5183650884207357,1
2025-06-28,CHA,SFN,0.4384691160386885,1
2025-06-28,CIN,SDN,0.545091962489906,0
2025-06-28,CLE,SLN,0.5116452606292544,0
2025-06-28,DET,MIN,0.5107155273397443,1
2025-06-28,HOU,CHN,0.5613113253985551,0
2025-06-28,KCA,LAN,0.4026247920490147,1
2025-06-28,MIL,COL,0.6400038987166646,1
2025-06-28,NYA,ATH,0.6470948990095741,0
2025-06-28,PIT,NYN,0.4635438827223342,1
2025-06-28,TEX,SEA,0.5208785496063962,1
2025-06-29,ANA,WAS,0.5517696217763346,0
2025-06-29,ARI,MIA,0.5746602846703661,0
2025-06-29,ATL,PHI,0.5700675775474742,0
2025-06-29,BAL,TBA,0.4950459516011332,1
2025-06-29,BOS,TOR,0.5317653666114324,0
2025-06-29,CHA,SFN,0.45019277204194563,1
2025-06-29,CIN,SDN,0.5345765030785268,1
2025-06-29,CLE,SLN,0.49230608237614687,0
2025-06-29,DET,MIN,0.6022226355353684,1
2025-06-29,HOU,CHN,0.5494209324834596,1
2025-06-29,KCA,LAN,0.425821711080093,0
2025-06-29,MIL,COL,0.688760121955576,0
2025-06-29,NYA,ATH,0.6374505978930366,1
2025-06-29,PIT,NYN,0.46635729029920975,1
2025-06-29,TEX,SEA,0.5106729191883344,0
2025-06-30,ARI,SFN,0.5340175269783287,1
2025-06-30,BOS,CIN,0.5427060767352567,1
2025-06-30,PHI,SDN,0.6278375158639617,1
2025-06-30,PIT,SLN,0.5024017814172029,1
2025-06-30,SEA,KCA,0.5733720985098102,1
2025-06-30,TBA,ATH,0.6387621758847848,0
2025-06-30,TEX,BAL,0.48854187113546704,0
2025-06-30,TOR,NYA,0.48973540480505123,1
2025-07-01,ARI,SFN,0.5632462322362519,1
2025-07-01,ATL,ANA,0.5769173757483581,0
2025-07-01,BOS,CIN,0.5552663623141763,1
2025-07-01,CHN,CLE,0.5811968541640724,1
2025-07-01,COL,HOU,0.3689640446302187,0
2025-07-01,LAN,CHA,0.6499843306795058,1
2025-07-01,MIA,MIN,0.519574026804804,1
2025-07-01,PIT,SLN,0.5383884606664238,1
2025-07-01,SEA,KCA,0.5964120500658742,0
2025-07-01,TBA,ATH,0.6158600892795774,0
2025-07-01,TEX,BAL,0.5580724394480284,1
2025-07-01,TOR,NYA,0.5051206007802702,1
2025-07-02,ARI,SFN,0.5377873620299252,0
2025-07-02,ATL,ANA,0.5841599566784855,1
2025-07-02,BOS,CIN,0.4705620564425492,0
2025-07-02,CHN,CLE,0.6243807542524352,1
2025-07-02,COL,HOU,0.40488720515005794,0
2025-07-02,LAN,CHA,0.6517869395947086,1
2025-07-02,MIA,MIN,0.4819010014887102,0
2025-07-02,NYN,MIL,0.5122463833645172,0
2025-07-02,NYN,MIL,0.5111093041521201,1
2025-07-02,PHI,SDN,0.5581872954424555,0
2025-07-02,PHI,SDN,0.5326982885123497,1
2025-07-02,PIT,SLN,0.5053174478014519,1
2025-07-02,SEA,KCA,0.5693391304994625,1
2025-07-02,TBA,ATH,0.6475096396237879,1
2025-07-02,TEX,BAL,0.5525311835180868,1
2025-07-02,TOR,NYA,0.47380642645394944,1
2025-07-02,WAS,DET,0.43626909184310975,0
2025-07-02,WAS,DET,0.47992396409959076,1
2025-07-03,ARI,SFN,0.5292567690291248,0
2025-07-03,ATL,ANA,0.5672966426482374,0
2025-07-03,CHN,CLE,0.5939990554151795,1
2025-07-03,COL,HOU,0.3714781286770862,1
2025-07-03,LAN,CHA,0.6510396824657096,1
2025-07-03,MIA,MIN,0.5310243591103752,1
2025-07-03,NYN,MIL,0.5296132990617144,1
2025-07-03,SEA,KCA,0.5960463653009691,0
2025-07-03,TOR,NYA,0.525706340193392,1
2025-07-03,WAS,DET,0.4447812931043984,1
2025-07-04,ARI,KCA,0.6074051057809291,0
2025-07-04,ATH,SFN,0.47202960968368346,1
2025-07-04,ATL,BAL,0.6278047487746847,0
2025-07-04,CHN,SLN,0.5285123860820709,1
2025-07-04,CLE,DET,0.4436350640926835,0
2025-07-04,COL,CHA,0.45273120190519406,0
2025-07-04,LAN,HOU,0.5997949613732565,0
2025-07-04,MIA,MIL,0.4712670302971775,0
2025-07-04,MIN,TBA,0.47549293051798674,1
2025-07-04,NYN,NYA,0.543896005918495,1
2025-07-04,PHI,CIN,0.5572485577447847,0
2025-07-04,SDN,TEX,0.5193617833062847,1
2025-07-04,SEA,PIT,0.5990995819891698,1
2025-07-04,TOR,ANA,0.5614631954510828,1
2025-07-04,WAS,BOS,0.5309769211392044,0
2025-07-05,ARI,KCA,0.5475869979634067,1
2025-07-05,ATH,SFN,0.5024998108251209,0
2025-07-05,ATL,BAL,0.5868621352757372,0
2025-07-05,CHN,SLN,0.5799855008770279,0
2025-07-05,CLE,DET,0.4779601689680067,0
2025-07-05,COL,CHA,0.4815812637847795,0
2025-07-05,LAN,HOU,0.5836693179978993,0
2025-07-05,MIA,MIL,0.430040650559015,1
2025-07-05,MIN,TBA,0.5080144569909155,1
2025-07-05,NYN,NYA,0.5376029305383376,1
2025-07-05,PHI,CIN,0.6135481281172751,1
2025-07-05,SDN,TEX,0.5341320860507859,0
2025-07-05,SEA,PIT,0.5826683946055893,1
2025-07-05,TOR,ANA,0.5383529725171474,1
2025-07-05,WAS,BOS,0.49695702602907554,0
2025-07-06,ARI,KCA,0.5483836899697323,0
2025-07-06,ATH,SFN,0.5049997300703235,0
2025-07-06,ATL,BAL,0.5600922327000565,0
2025-07-06,CHN,SLN,0.5682052366225593,1
2025-07-06,CLE,DET,0.46295365391368015,0
2025-07-06,COL,CHA,0.4789792230450289,1
2025-07-06,LAN,HOU,0.5939078922737998,0
2025-07-06,MIA,MIL,0.4386174779630434,0
2025-07-06,MIN,TBA,0.4953111775306561,0
2025-07-06,NYN,NYA,0.5087415020240048,0
2025-07-06,PHI,CIN,0.6313328363388989,1
2025-07-06,SDN,TEX,0.5718035481482853,1
2025-07-06,SEA,PIT,0.545093824281719,1
2025-07-06,TOR,ANA,0.5468518895972346,1
2025-07-06,WAS,BOS,0.44552711950524815,0
2025-07-07,ANA,TEX,0.4586299739367255,1
2025-07-07,BOS,COL,0.6551533089777734,1
2025-07-07,CHA,TOR,0.4150782570179986,0
2025-07-07,CIN,MIA,0.5317210965383234,0
2025-07-07,DET,TBA,0.5161999594744582,1
2025-07-07,HOU,CLE,0.5786913501515292,0
2025-07-07,KCA,PIT,0.5592334561517499,1
2025-07-07,MIL,LAN,0.4924910843662502,1
2025-07-07,SDN,ARI,0.5643969132620165,0
2025-07-07,SFN,PHI,0.4531010281188086,1
2025-07-08,ANA,TEX,0.5265051272953426,0
2025-07-08,ATH,ATL,0.4544144477766481,1
2025-07-08,BAL,NYN,0.4688180139632929,0
2025-07-08,BOS,COL,0.6562669792026802,1
2025-07-08,CHA,TOR,0.4207510857003425,0
2025-07-08,CIN,MIA,0.5745033453915802,0
2025-07-08,DET,TBA,0.4739467212218482,1
2025-07-08,HOU,CLE,0.606907629174264,0
2025-07-08,KCA,PIT,0.5648006837828268,1
2025-07-08,MIL,LAN,0.5097468950756583,1
2025-07-08,MIN,CHN,0.4273845943939717,1
2025-07-08,NYA,SEA,0.5148088966291603,1
2025-07-08,SDN,ARI,0.5645617365698621,1
2025-07-08,SFN,PHI,0.4726143476378205,1
2025-07-08,SLN,WAS,0.5805967232662164,1
2025-07-09,ANA,TEX,0.46850679943249857,1
2025-07-09,ATH,ATL,0.46305668728183924,0
2025-07-09,BOS,COL,0.6619186601442384,1
2025-07-09,CHA,TOR,0.42422046985606365,1
2025-07-09,CIN,MIA,0.5143607200188576,1
2025-07-09,DET,TBA,0.5387983046995845,0
2025-07-09,HOU,CLE,0.6283008955098095,0
2025-07-09,KCA,PIT,0.5636811639702092,1
2025-07-09,MIL,LAN,0.48768993920004616,1
2025-07-09,MIN,CHN,0.48911817273476466,1
2025-07-09,NYA,SEA,0.5755238665611762,1
2025-07-09,SDN,ARI,0.598735257983471,0
2025-07-09,SFN,PHI,0.4862578027943117,0
2025-07-09,SLN,WAS,0.6195933945678384,0
2025-07-10,ANA,TEX,0.48238036473321233,0
2025-07-10,ATH,ATL,0.4439639331570889,1
2025-07-10,BAL,NYN,0.48581376261653003,1
2025-07-10,BAL,NYN,0.4940616504808621,1
2025-07-10,BOS,TBA,0.5227236769257281,1
2025-07-10,CIN,MIA,0.5629220116642344,1
2025-07-10,MIN,CHN,0.4852864674944385,0
2025-07-10,NYA,SEA,0.5569198984177098,1
2025-07-10,SDN,ARI,0.5458676301888703,1
2025-07-10,SLN,WAS,0.5907526231723208,1
2025-07-11,ANA,ARI,0.53310052313214,1
2025-07-11,ATH,TOR,0.4251393807447849,0
2025-07-11,BAL,MIA,0.5589785356165344,1
2025-07-11,BOS,TBA,0.48833735172273834,1
2025-07-11,CHA,CLE,0.4547544203695359,0
2025-07-11,CHA,CLE,0.4538186353108662,1
2025-07-11,CIN,COL,0.6641556424991921,0
2025-07-11,DET,SEA,0.5680234528894396,0
2025-07-11,HOU,TEX,0.589198198029756,0
2025-07-11,KCA,NYN,0.4341177502342444,0
2025-07-11,MIL,WAS,0.5960249383030565,1
2025-07-11,MIN,PIT,0.5458672639887027,1
2025-07-11,NYA,CHN,0.5270567241784048,1
2025-07-11,SDN,PHI,0.483868008060674,1
2025-07-11,SFN,LAN,0.41799031188879177,1
2025-07-11,SLN,ATL,0.4752228941477574,0
2025-07-12,ANA,ARI,0.50479920604657,1
2025-07-12,ATH,TOR,0.4663647131232612,1
2025-07-12,BAL,MIA,0.5627342154517411,0
2025-07-12,BOS,TBA,0.48778908529005194,1
2025-07-12,CHA,CLE,0.4787879456056803,0
2025-07-12,CIN,COL,0.6586962164913235,1
2025-07-12,DET,SEA,0.4721126000086818,0
2025-07-12,HOU,TEX,0.5750231019177584,1
2025-07-12,KCA,NYN,0.4876764706145886,0
2025-07-12,MIL,WAS,0.636842440479337,1
2025-07-12,MIN,PIT,0.6051778641864022,1
2025-07-12,NYA,CHN,0.5723636967640509,0
2025-07-12,SDN,PHI,0.48448976642511793,1
2025-07-12,SFN,LAN,0.42733247106030275,0
2025-07-12,SLN,ATL,0.49872500664663993,0
2025-07-13,ANA,ARI,0.5319846168076034,0
2025-07-13,ATH,TOR,0.4991771677328422,1
2025-07-13,BAL,MIA,0.5673876902874331,0
2025-07-13,BOS,TBA,0.4582951117035627,1
2025-07-13,CHA,CLE,0.4262391194464365,0
2025-07-13,CIN,COL,0.6455436681310834,1
2025-07-13,DET,SEA,0.5239100838299803,0
2025-07-13,HOU,TEX,0.5620079213332075,0
2025-07-13,KCA,NYN,0.46014244042632185,1
2025-07-13,MIL,WAS,0.6568513061757606,1
2025-07-13,MIN,PIT,0.6142242880891665,0
2025-07-13,NYA,CHN,0.5145257413533223,0
2025-07-13,SDN,PHI,0.521185174663594,0
2025-07-13,SFN,LAN,0.4374175971315887,0
2025-07-13,SLN,ATL,0.5498787255578378,1
2025-07-18,ARI,SLN,0.49303578780293444,1
2025-07-18,ATL,NYA,0.5466107218724348,1
2025-07-18,CHN,BOS,0.552149075944401,1
2025-07-18,CLE,ATH,0.5487766498353949,1
2025-07-18,COL,MIN,0.38767167055189156,1
2025-07-18,LAN,MIL,0.5457805244359198,0
2025-07-18,MIA,KCA,0.5476657932564779,1
2025-07-18,NYN,CIN,0.5877036986109629,0
2025-07-18,PHI,ANA,0.5616249064155816,0
2025-07-18,PIT,CHA,0.5379563145946915,0
2025-07-18,SEA,HOU,0.5463400518795403,1
2025-07-18,TBA,BAL,0.5103665198522573,1
2025-07-18,TEX,DET,0.49579570832626946,1
2025-07-18,TOR,SFN,0.5208985920793441,1
2025-07-18,WAS,SDN,0.4592328848120909,0
2025-07-19,ARI,SLN,0.5547859039358302,1
2025-07-19,ATL,NYA,0.5357195680324329,0
2025-07-19,CHN,BOS,0.5955459831325008,1
2025-07-19,CLE,ATH,0.5288050194888713,0
2025-07-19,COL,MIN,0.3833530789468337,1
2025-07-19,LAN,MIL,0.542143605090981,0
2025-07-19,MIA,KCA,0.5337983703113115,1
2025-07-19,NYN,CIN,0.5606956463314089,0
2025-07-19,PHI,ANA,0.6075506133716684,1
2025-07-19,PIT,CHA,0.5934561643194173,0
2025-07-19,SEA,HOU,0.5098352390278904,1
2025-07-19,TBA,BAL,0.5401061134004579,1
2025-07-19,TEX,DET,0.5712988972569353,1
2025-07-19,TOR,SFN,0.5442890892996604,1
2025-07-19,WAS,SDN,0.43303466825255044,1
2025-07-20,ARI,SLN,0.5335745975294378,1
2025-07-20,ATL,NYA,0.5168708098137038,0
2025-07-20,CHN,BOS,0.5562815086572689,0
2025-07-20,CLE,ATH,0.5491693758315996,1
2025-07-20,COL,MIN,0.4354558175408797,0
2025-07-20,LAN,MIL,0.5421676612831379,0
2025-07-20,MIA,KCA,0.5223581047203257,0
2025-07-20,NYN,CIN,0.5612832521061415,1
2025-07-20,PHI,ANA,0.5871881079136161,0
2025-07-20,PIT,CHA,0.5692127762503089,0
2025-07-20,SEA,HOU,0.5677062502397462,0
2025-07-20,TBA,BAL,0.5537870159857291,0
2025-07-20,TEX,DET,0.49375033392948126,0
2025-07-20,TOR,SFN,0.5517517646578399,1
2025-07-20,WAS,SDN,0.4459563852449588,0
2025-07-21,ARI,HOU,0.5379034527012976,0
2025-07-21,ATL,SFN,0.5818959109697981,1
2025-07-21,CHN,KCA,0.6406577850018372,0
2025-07-21,CLE,BAL,0.549791522278588,1
2025-07-21,COL,SLN,0.4193067703173991,0
2025-07-21,LAN,MIN,0.55009454395897,1
2025-07-21,MIA,SDN,0.5332975045417849,0
2025-07-21,NYN,ANA,0.6124291446081,1
2025-07-21,PHI,BOS,0.5891366162231337,1
2025-07-21,PIT,DET,0.5155805410723303,1
2025-07-21,SEA,MIL,0.4789429361735415,0
2025-07-21,TBA,CHA,0.6515935179891414,0
2025-07-21,TEX,ATH,0.5505341452503615,1
2025-07-21,TOR,NYA,0.4989288250201375,1
2025-07-21,WAS,CIN,0.45820513382838496,1
2025-07-22,ARI,HOU,0.49765846708974476,0
2025-07-22,ATL,SFN,0.5904542837042053,0
2025-07-22,CHN,KCA,0.5737103213804192,1
2025-07-22,CLE,BAL,0.537313373501014,1
2025-07-22,COL,SLN,0.44440703545301796,1
2025-07-22,LAN,MIN,0.5661086754944344,0
2025-07-22,MIA,SDN,0.5496495577938869,1
2025-07-22,NYN,ANA,0.6296100961147618,1
2025-07-22,PHI,BOS,0.595398025946533,1
2025-07-22,PIT,DET,0.4856757242389732,1
2025-07-22,SEA,MIL,0.5065680234234212,1
2025-07-22,TBA,CHA,0.6381879282140756,1
2025-07-22,TEX,ATH,0.6096901903852322,1
2025-07-22,TOR,NYA,0.5258104336018116,0
2025-07-22,WAS,CIN,0.44193118424346745,1
2025-07-23,ARI,HOU,0.5059807508911788,0
2025-07-23,ATL,SFN,0.5819611539535393,0
2025-07-23,CHN,KCA,0.5925194281668132,0
2025-07-23,CLE,BAL,0.49917195131938713,1
2025-07-23,COL,SLN,0.4164262137324275,1
2025-07-23,LAN,MIN,0.6240624485445325,1
2025-07-23,MIA,SDN,0.4793557679935971,1
2025-07-23,NYN,ANA,0.6039472683989033,1
2025-07-23,PHI,BOS,0.5798865806754999,0
2025-07-23,PIT,DET,0.47628383076944614,1
2025-07-23,SEA,MIL,0.48768072947949936,0
2025-07-23,TBA,CHA,0.6295102132210502,0
2025-07-23,TEX,ATH,0.576194108695267,1
2025-07-23,TOR,NYA,0.5230627435221354,1
2025-07-23,WAS,CIN,0.4971647681145588,0
2025-07-24,ANA,SEA,0.48136350907059455,0
2025-07-24,CLE,BAL,0.526909603161652,0
2025-07-24,DET,TOR,0.5108658955253609,0
2025-07-24,HOU,ATH,0.5585007874719768,0
2025-07-24,SLN,SDN,0.5178037385809053,1
2025-07-25,ANA,SEA,0.4896792184160502,1
2025-07-25,BAL,COL,0.6508414450968956,0
2025-07-25,BOS,LAN,0.49034444815623274,0
2025-07-25,CHA,CHN,0.38959642246047826,1
2025-07-25,CIN,TBA,0.5387434184554261,1
2025-07-25,DET,TOR,0.4811176689888184,0
2025-07-25,HOU,ATH,0.6051570012854617,0
2025-07-25,MIL,MIA,0.6183409725476066,0
2025-07-25,MIN,WAS,0.6027603258181438,1
2025-07-25,NYA,PHI,0.4819203182111136,0
2025-07-25,PIT,ARI,0.47748936018323584,0
2025-07-25,SFN,NYN,0.4915461993604937,0
2025-07-25,SLN,SDN,0.4956275966321353,1
2025-07-25,TEX,ATL,0.5546182111299809,1
2025-07-26,ANA,SEA,0.45732866330098076,0
2025-07-26,BAL,COL,0.6235372879399877,1
2025-07-26,BOS,LAN,0.4688238390336905,1
2025-07-26,CHA,CHN,0.41077600336857517,0
2025-07-26,CIN,TBA,0.47370855972017434,1
2025-07-26,DET,TOR,0.5126758641727956,0
2025-07-26,HOU,ATH,0.6030910631881403,0
2025-07-26,KCA,CLE,0.49619637523927224,1
2025-07-26,KCA,CLE,0.5160614839088817,0
2025-07-26,MIL,MIA,0.5693839460231883,0
2025-07-26,MIN,WAS,0.5457977626400234,0
2025-07-26,NYA,PHI,0.49176083540109794,0
2025-07-26,PIT,ARI,0.48291935179950324,1
2025-07-26,SFN,NYN,0.4836166515218274,0
2025-07-26,SLN,SDN,0.509097978888683,0
2025-07-26,TEX,ATL,0.48706528645829494,1
2025-07-27,ANA,SEA,0.45870397729482554,1
2025-07-27,BAL,COL,0.6566243906941456,1
2025-07-27,BOS,LAN,0.45778957334843007,1
2025-07-27,CHA,CHN,0.4053011282212529,0
2025-07-27,CIN,TBA,0.4769788577863357,1
2025-07-27,DET,TOR,0.42307132443707707,1
2025-07-27,HOU,ATH,0.5867918280757938,0
2025-07-27,KCA,CLE,0.49091205257446996,1
2025-07-27,MIL,MIA,0.5492540838998511,1
2025-07-27,MIN,WAS,0.5470038717638326,0
2025-07-27,NYA,PHI,0.4733466930618661,1
2025-07-27,PIT,ARI,0.5258625409814233,1
2025-07-27,SFN,NYN,0.4742962731479521,0
2025-07-27,SLN,SDN,0.5477731986146618,0
2025-07-27,TEX,ATL,0.4970502140471014,1
2025-07-28,ANA,TEX,0.4364619021867389,1
2025-07-28,ATH,SEA,0.4773231547161098,0
2025-07-28,BAL,TOR,0.5103569158205962,1
2025-07-28,CHA,PHI,0.3870990074772501,1
2025-07-28,CIN,LAN,0.4473424461524054,0
2025-07-28,CLE,COL,0.6091016888495241,0
2025-07-28,DET,ARI,0.5068474484180603,1
2025-07-28,HOU,WAS,0.5954263247689201,0
2025-07-28,KCA,ATL,0.4955036209181712,0
2025-07-28,MIL,CHN,0.549501955545423,1
2025-07-28,MIN,BOS,0.5157716136382778,1
2025-07-28,NYA,TBA,0.5456976609852882,0
2025-07-28,SDN,NYN,0.5424555961500035,1
2025-07-28,SFN,PIT,0.5789634073543598,0
2025-07-28,SLN,MIA,0.5265150320188956,1
2025-07-29,ANA,TEX,0.4648303559592032,1
2025-07-29,ATH,SEA,0.4730089059782132,1
2025-07-29,BAL,TOR,0.4792706211957152,1
2025-07-29,BAL,TOR,0.516605181973012,1
2025-07-29,CHA,PHI,0.429678376476524,0
2025-07-29,CIN,LAN,0.46352744043390026,0
2025-07-29,CLE,COL,0.5879823773777777,1
2025-07-29,DET,ARI,0.5795305151872655,1
2025-07-29,HOU,WAS,0.5546643819137459,1
2025-07-29,KCA,ATL,0.5159984144620264,1
2025-07-29,MIL,CHN,0.5231602311354819,1
2025-07-29,MIN,BOS,0.5379252559842662,0
2025-07-29,NYA,TBA,0.5443361577170632,1
2025-07-29,SDN,NYN,0.5391823193281624,1
2025-07-29,SFN,PIT,0.5814742319948003,0
2025-07-29,SLN,MIA,0.5178698244763559,0
2025-07-30,ANA,TEX,0.5002770981083633,0
2025-07-30,ATH,SEA,0.5101231011700292,1
2025-07-30,BAL,TOR,0.5348680845833582,0
2025-07-30,CHA,PHI,0.44018573926216337,1
2025-07-30,CIN,LAN,0.4506934176097125,1
2025-07-30,CLE,COL,0.590803047711268,1
2025-07-30,DET,ARI,0.5654065782513676,1
2025-07-30,HOU,WAS,0.6282565390959384,1
2025-07-30,KCA,ATL,0.5149599224418061,1
2025-07-30,MIL,CHN,0.5388492916051472,0
2025-07-30,MIN,BOS,0.49712582968433866,0
2025-07-30,NYA,TBA,0.5127992231157662,1
2025-07-30,SDN,NYN,0.5426433209010992,1
2025-07-30,SFN,PIT,0.552342854564955,0
2025-07-30,SLN,MIA,0.5416613391772608,0
2025-07-31,CIN,ATL,0.5345932239146965,0
2025-07-31,NYA,TBA,0.5480783669807323,1
2025-07-31,SEA,TEX,0.5259314301997338,1
2025-08-01,ANA,CHA,0.5968534392544852,0
2025-08-01,ATH,ARI,0.5609511811073425,1
2025-08-01,BOS,HOU,0.5343831657264269,1
2025-08-01,CHN,BAL,0.5557572388925912,1
2025-08-01,CIN,ATL,0.5256239700217022,1
2025-08-01,CLE,MIN,0.5372394694412275,1
2025-08-01,COL,PIT,0.4033092453191411,1
2025-08-01,MIA,NYA,0.4673695033184742,1
2025-08-01,NYN,SFN,0.6151877349047515,0
2025-08-01,PHI,DET,0.6192038315661786,1
2025-08-01,SDN,SLN,0.5902879726210335,1
2025-08-01,SEA,TEX,0.5586774269454906,1
2025-08-01,TBA,LAN,0.48678609022447683,0
2025-08-01,TOR,KCA,0.5373658386205932,0
2025-08-01,WAS,MIL,0.40651667513677775,0
2025-08-02,ANA,CHA,0.553984036160886,0
2025-08-02,ATH,ARI,0.5185908142511585,0
2025-08-02,BOS,HOU,0.5319092886855129,1
2025-08-02,CHN,BAL,0.5788867875188973,0
2025-08-02,CIN,ATL,0.5218921550820583,0
2025-08-02,CLE,MIN,0.5498748568251695,1
2025-08-02,COL,PIT,0.4550575758322373,1
2025-08-02,MIA,NYA,0.517307402012263,1
2025-08-02,NYN,SFN,0.6239066529686782,1
2025-08-02,PHI,DET,0.5921538953448483,0
2025-08-02,SDN,SLN,0.5456916126319966,0
2025-08-02,SEA,TEX,0.5392722045255739,0
2025-08-02,TBA,LAN,0.4604558350333966,1
2025-08-02,TOR,KCA,0.5617992066472044,1
2025-08-02,WAS,MIL,0.4054816054047723,0
2025-08-03,ANA,CHA,0.5425469056413312,1
2025-08-03,ATH,ARI,0.5400706647659926,0
2025-08-03,BOS,HOU,0.505058973507326,1
2025-08-03,CHN,BAL,0.5540713225190893,1
2025-08-03,CLE,MIN,0.5472680719664272,0
2025-08-03,COL,PIT,0.45795130663631917,0
2025-08-03,MIA,NYA,0.4859882843981203,1
2025-08-03,NYN,SFN,0.6202211672425842,0
2025-08-03,PHI,DET,0.6122812668575662,1
2025-08-03,SDN,SLN,0.5617418909013809,1
2025-08-03,SEA,TEX,0.5070714322165358,1
2025-08-03,TBA,LAN,0.4644454395965229,0
2025-08-03,TOR,KCA,0.5037426629119917,0
2025-08-03,WAS,MIL,0.41070870194895814,0
2025-08-04,ANA,TBA,0.5254270693618611,1
2025-08-04,ARI,SDN,0.4548761373492983,1
2025-08-04,ATL,MIL,0.43936681693048485,0
2025-08-04,BOS,KCA,0.5697458678240107,1
2025-08-04,CHN,CIN,0.6051202077415202,0
2025-08-04,COL,TOR,0.3916887094321003,0
2025-08-04,DET,MIN,0.5345454828015552,1
2025-08-04,LAN,SLN,0.6067109028761222,0
2025-08-04,MIA,HOU,0.5546180886178917,0
2025-08-04,NYN,CLE,0.5574599981629021,0
2025-08-04,PHI,BAL,0.6033423324681786,1
2025-08-04,PIT,SFN,0.5110332119535264,1
2025-08-04,TEX,NYA,0.5151057536695627,1
2025-08-05,ANA,TBA,0.4770312086504892,0
2025-08-05,ARI,SDN,0.4664729790866811,0
2025-08-05,ATL,MIL,0.41723574157880444,0
2025-08-05,BOS,KCA,0.5726885929166005,1
2025-08-05,CHN,CIN,0.5985387726026589,0
2025-08-05,COL,TOR,0.42811486954066996,0
2025-08-05,DET,MIN,0.5671767622429132,0
2025-08-05,LAN,SLN,0.6104889754066138,1
2025-08-05,MIA,HOU,0.4764320261564881,0
2025-08-05,NYN,CLE,0.5827144541782571,0
2025-08-05,PHI,BAL,0.520272009572948,1
2025-08-05,PIT,SFN,0.5136648247305223,0
2025-08-05,SEA,CHA,0.5904020008892972,1
2025-08-05,TEX,NYA,0.5179404185962774,1
2025-08-05,WAS,ATH,0.483481104592015,0
2025-08-06,ANA,TBA,0.4639844450415394,0
2025-08-06,ARI,SDN,0.4523487202172069,0
2025-08-06,ATL,MIL,0.49290743369029105,0
2025-08-06,BOS,KCA,0.5960497280602367,0
2025-08-06,CHN,CIN,0.5347295285230861,1
2025-08-06,COL,TOR,0.38908946421458807,0
2025-08-06,DET,MIN,0.5379846519865565,0
2025-08-06,LAN,SLN,0.6379493209440741,0
2025-08-06,MIA,HOU,0.4912702521245999,1
2025-08-06,NYN,CLE,0.5738529565549085,0
2025-08-06,PHI,BAL,0.5612218153053076,0
2025-08-06,PIT,SFN,0.4876226835750521,0
2025-08-06,SEA,CHA,0.6170743911460796,1
2025-08-06,TEX,NYA,0.5372436503125744,0
2025-08-06,WAS,ATH,0.4681168959344301,1
2025-08-07,ATL,MIA,0.476093780620429,1
2025-08-07,PIT,CIN,0.5313036174572685,1
2025-08-07,SEA,CHA,0.6069086397219118,1
2025-08-07,WAS,ATH,0.49270678687811265,0
2025-08-08,ARI,COL,0.6447664401932577,1
2025-08-08,ATL,MIA,0.5056562266093484,0
2025-08-08,BAL,ATH,0.5417678028103938,1
2025-08-08,CHA,CLE,0.4510526139055525,0
2025-08-08,DET,ANA,0.5983712369926499,1
2025-08-08,LAN,TOR,0.5312443006639149,1
2025-08-08,MIL,NYN,0.5894964119488021,1
2025-08-08,MIN,KCA,0.5088642133216789,1
2025-08-08,NYA,HOU,0.5344193482282233,0
2025-08-08,PIT,CIN,0.49017401066928823,1
2025-08-08,SDN,BOS,0.533228513015633,0
2025-08-08,SEA,TBA,0.5266604280399146,1
2025-08-08,SFN,WAS,0.5774841268767622,1
2025-08-08,SLN,CHN,0.48378698323143515,1
2025-08-08,TEX,PHI,0.48774564323178404,0
2025-08-09,ARI,COL,0.6329259064877001,1
2025-08-09,ATL,MIA,0.5174018372498502,1
2025-08-09,ATL,MIA,0.5015477111186304,1
2025-08-09,BAL,ATH,0.5558552201339656,0
2025-08-09,CHA,CLE,0.4381515692629955,0
2025-08-09,DET,ANA,0.528966944548961,0
2025-08-09,LAN,TOR,0.5654858950725405,1
2025-08-09,MIL,NYN,0.5803951119376457,1
2025-08-09,MIN,KCA,0.559706721366732,0
2025-08-09,NYA,HOU,0.5462077159988693,1
2025-08-09,PIT,CIN,0.48427532805915247,0
2025-08-09,SDN,BOS,0.5638707993951024,1
2025-08-09,SEA,TBA,0.5702310987266449,1
2025-08-09,SFN,WAS,0.5975027380244547,0
2025-08-09,SLN,CHN,0.5112309754515524,0
2025-08-09,TEX,PHI,0.555824956701948,0
2025-08-10,ARI,COL,0.621893169835748,1
2025-08-10,ATL,MIA,0.5623798158907086,1
2025-08-10,BAL,ATH,0.548780666247757,0
2025-08-10,CHA,CLE,0.4437808520665467,1
2025-08-10,DET,ANA,0.5104726595740291,1
2025-08-10,LAN,TOR,0.5904916150077422,0
2025-08-10,MIL,NYN,0.5610581447611958,1
2025-08-10,MIN,KCA,0.5267705453698523,1
2025-08-10,NYA,HOU,0.549723416667219,0
2025-08-10,PIT,CIN,0.48963046197056875,0
2025-08-10,SDN,BOS,0.5645893279906078,1
2025-08-10,SEA,TBA,0.6007947923460683,1
2025-08-10,SFN,WAS,0.5928535281291882,0
2025-08-10,SLN,CHN,0.4676692560675211,1
2025-08-10,TEX,PHI,0.47048093290818566,0
2025-08-11,ANA,LAN,0.3942669968948524,1
2025-08-11,ATH,TBA,0.4984533788625715,0
2025-08-11,CHA,DET,0.4949842344284841,0
2025-08-11,CIN,PHI,0.48012532681769804,0
2025-08-11,HOU,BOS,0.5294985543692357,1
2025-08-11,KCA,WAS,0.5634054531809622,1
2025-08-11,MIL,PIT,0.6560587142287692,1
2025-08-11,NYA,MIN,0.5503802319807425,1
2025-08-11,SFN,SDN,0.4707321298240105,0
2025-08-11,SLN,COL,0.6579496677325471,1
2025-08-11,TEX,ARI,0.6063346979161391,1
2025-08-12,ANA,LAN,0.43569521914869047,1
2025-08-12,ATH,TBA,0.48804695119643526,1
2025-08-12,BAL,SEA,0.45539895968888894,0
2025-08-12,CHA,DET,0.4554963605526562,1
2025-08-12,CIN,PHI,0.4639472889876541,1
2025-08-12,CLE,MIA,0.49564192387854317,1
2025-08-12,HOU,BOS,0.5363736943722114,0
2025-08-12,KCA,WAS,0.5682001068147792,1
2025-08-12,MIL,PIT,0.6409574772700959,1
2025-08-12,NYA,MIN,0.6085063583338833,1
2025-08-12,NYN,ATL,0.5165261125077386,1
2025-08-12,SFN,SDN,0.4515707134267988,0
2025-08-12,SLN,COL,0.6359195375006766,0
2025-08-12,TEX,ARI,0.5700587375963703,0
2025-08-12,TOR,CHN,0.5020417709799136,1
2025-08-13,ANA,LAN,0.4585660240487516,1
2025-08-13,ATH,TBA,0.505831841905179,0
2025-08-13,BAL,SEA,0.5172261186859473,1
2025-08-13,CHA,DET,0.4758151351671436,0
2025-08-13,CIN,PHI,0.4829047243186088,1
2025-08-13,CLE,MIA,0.5426659566938415,0
2025-08-13,HOU,BOS,0.5550470166422589,1
2025-08-13,KCA,WAS,0.5796118276201442,0
2025-08-13,MIL,PIT,0.6584007909153344,1
2025-08-13,NYA,MIN,0.577528336168411,0
2025-08-13,NYN,ATL,0.5759960145426706,0
2025-08-13,SFN,SDN,0.43017630493783504,0
2025-08-13,SLN,COL,0.6335422791596795,0
2025-08-13,TEX,ARI,0.601977038356604,0
2025-08-13,TOR,CHN,0.5335003076223792,0
2025-08-14,BAL,SEA,0.4738637745257954,1
2025-08-14,CLE,MIA,0.5304217304507091,1
2025-08-14,COL,ARI,0.44034671154475674,0
2025-08-14,MIN,DET,0.5341393932330798,0
2025-08-14,NYN,ATL,0.5660604444660307,0
2025-08-14,TOR,CHN,0.5107418215206694,1
2025-08-14,WAS,PHI,0.4089811092207696,1
2025-08-15,ATH,ANA,0.528013094068978,1
2025-08-15,BOS,MIA,0.5345375613081936,1
2025-08-15,CHN,PIT,0.5909663039362759,0
2025-08-15,CIN,MIL,0.44903121688209935,0
2025-08-15,CLE,ATL,0.528659987679484,0
2025-08-15,COL,ARI,0.39848658079333515,1
2025-08-15,HOU,BAL,0.5993615241753497,0
2025-08-15,KCA,CHA,0.5991271432459612,1
2025-08-15,LAN,SDN,0.5508299157907554,1
2025-08-15,MIN,DET,0.5423472930533604,0
2025-08-15,NYN,SEA,0.5190073065815121,0
2025-08-15,SFN,TBA,0.47700344908070574,0
2025-08-15,SLN,NYA,0.48532844507144135,0
2025-08-15,TOR,TEX,0.5151749593569931,1
2025-08-15,WAS,PHI,0.4338351024166379,0
2025-08-16,ATH,ANA,0.5047405626553636,1
2025-08-16,BOS,MIA,0.5548609435867461,1
2025-08-16,CHN,PIT,0.576711247206575,1
2025-08-16,CIN,MIL,0.4435705529220697,0
2025-08-16,CLE,ATL,0.5223147099502143,0
2025-08-16,COL,ARI,0.43236057098870434,1
2025-08-16,HOU,BAL,0.4954315150619923,1
2025-08-16,KCA,CHA,0.5323709735442895,1
2025-08-16,LAN,SDN,0.5838290049394333,1
2025-08-16,MIN,DET,0.5263992071193273,0
2025-08-16,NYN,SEA,0.5047786396535686,1
2025-08-16,SFN,TBA,0.5269554296711134,0
2025-08-16,SLN,NYA,0.47965483719186786,0
2025-08-16,TOR,TEX,0.5343034311662177,1
2025-08-16,WAS,PHI,0.4204388196791116,1
2025-08-17,ATH,ANA,0.5596730203742785,0
2025-08-17,BOS,MIA,0.5498596787196536,0
2025-08-17,CHN,PIT,0.5705359988929737,1
2025-08-17,CIN,MIL,0.45151010530289204,1
2025-08-17,CLE,ATL,0.4999971203160743,0
2025-08-17,COL,ARI,0.4234780588922283,1
2025-08-17,HOU,BAL,0.5647746770315608,0
2025-08-17,KCA,CHA,0.576136712570085,1
2025-08-17,LAN,SDN,0.5747659508114199,1
2025-08-17,MIN,DET,0.5360117394083367,1
2025-08-17,NYN,SEA,0.5193151912406864,1
2025-08-17,SFN,TBA,0.48009076147119784,1
2025-08-17,SLN,NYA,0.44871986917576806,0
2025-08-17,TOR,TEX,0.5393445129132488,0
2025-08-17,WAS,PHI,0.39270677908938717,0
2025-08-18,ANA,CIN,0.49255007680101054,0
2025-08-18,ARI,CLE,0.5056656912316254,0
2025-08-18,ATL,CHA,0.6255310583515353,0
2025-08-18,BOS,BAL,0.5809350236814801,0
2025-08-18,CHN,MIL,0.4468059340698989,0
2025-08-18,COL,LAN,0.36356634623800815,1
2025-08-18,DET,HOU,0.4973865681425507,1
2025-08-18,KCA,TEX,0.5124884183321526,1
2025-08-18,MIA,SLN,0.5988384409720618,0
2025-08-18,PHI,SEA,0.5222593089793222,1
2025-08-18,PIT,TOR,0.49333629412338603,1
2025-08-18,SDN,SFN,0.5821197640458982,0
2025-08-19,ANA,CIN,0.5022258101451096,0
2025-08-19,ARI,CLE,0.49730262052896923,1
2025-08-19,ATL,CHA,0.5941053215841965,1
2025-08-19,BOS,BAL,0.5982347218742029,0
2025-08-19,CHN,MIL,0.4602387888079694,1
2025-08-19,CHN,MIL,0.43907981926824213,1
2025-08-19,COL,LAN,0.4028700042747034,0
2025-08-19,DET,HOU,0.5627625853451464,1
2025-08-19,KCA,TEX,0.4981574197557189,1
2025-08-19,MIA,SLN,0.5415871278061493,0
2025-08-19,MIN,ATH,0.5342314745782517,0
2025-08-19,PHI,SEA,0.5292211882776517,1
2025-08-19,PIT,TOR,0.43397509781587607,0
2025-08-19,SDN,SFN,0.6165552800410498,1
2025-08-19,TBA,NYA,0.4923407875611183,0
2025-08-19,WAS,NYN,0.43069459046001013,0
2025-08-20,ANA,CIN,0.46945089429144055,1
2025-08-20,ARI,CLE,0.5158866492265904,1
2025-08-20,ATL,CHA,0.5913107028725719,1
2025-08-20,CHN,MIL,0.4723945888020526,1
2025-08-20,COL,LAN,0.3693837118702242,1
2025-08-20,DET,HOU,0.4982453626974561,1
2025-08-20,KCA,TEX,0.5096612230468804,0
2025-08-20,MIA,SLN,0.5594015085080398,1
2025-08-20,MIN,ATH,0.5663530625197554,0
2025-08-20,PHI,SEA,0.5419220404049616,1
2025-08-20,PIT,TOR,0.4362980304939403,1
2025-08-20,SDN,SFN,0.6044681070521684,1
2025-08-20,TBA,NYA,0.5455032287168394,0
2025-08-20,WAS,NYN,0.41407433263583465,1
2025-08-21,BAL,HOU,0.5429313306226029,0
2025-08-21,CHN,MIL,0.4677190856452693,0
2025-08-21,COL,LAN,0.37649210677963396,0
2025-08-21,KCA,TEX,0.5251756601265809,1
2025-08-21,MIN,ATH,0.5398149412158666,0
2025-08-21,NYA,BOS,0.5705353298622128,0
2025-08-21,SDN,SFN,0.590179418525387,1
2025-08-21,TBA,SLN,0.5484495667889026,0
2025-08-21,WAS,NYN,0.4544156644260294,1
2025-08-22,ANA,CHN,0.4582956893998239,0
2025-08-22,ARI,CIN,0.524687427811484,1
2025-08-22,ATL,NYN,0.5588789029846503,0
2025-08-22,BAL,HOU,0.51157312544043,0
2025-08-22,CHA,MIN,0.4767932657598481,0
2025-08-22,DET,KCA,0.5362889460129695,1
2025-08-22,MIA,TOR,0.4696303719105885,0
2025-08-22,MIL,SFN,0.6681487038749265,1
2025-08-22,NYA,BOS,0.5579169045439244,0
2025-08-22,PHI,WAS,0.6821250128558023,0
2025-08-22,PIT,COL,0.6199238164347812,1
2025-08-22,SDN,LAN,0.4740491879913308,1
2025-08-22,SEA,ATH,0.5659982505829879,1
2025-08-22,TBA,SLN,0.5743710514421326,1
2025-08-22,TEX,CLE,0.5579082599462306,1
2025-08-23,ANA,CHN,0.4650533144076415,0
2025-08-23,ARI,CIN,0.553412038944233,1
2025-08-23,ATL,NYN,0.5588284656995005,0
2025-08-23,BAL,HOU,0.48849783845092803,0
2025-08-23,CHA,MIN,0.47389927137774146,1
2025-08-23,DET,KCA,0.5302706393353198,1
2025-08-23,MIA,TOR,0.447081106007782,0
2025-08-23,MIL,SFN,0.6528493371729824,0
2025-08-23,NYA,BOS,0.5048449323648836,0
2025-08-23,PHI,WAS,0.6529699980536869,1
2025-08-23,PIT,COL,0.6028954609260384,1
2025-08-23,SDN,LAN,0.4578373113623394,1
2025-08-23,SEA,ATH,0.5522500909571287,0
2025-08-23,TEX,CLE,0.5642142537531216,1
2025-08-24,ANA,CHN,0.4573124390334597,0
2025-08-24,ARI,CIN,0.5557047907415422,0
2025-08-24,ATL,NYN,0.559702919972118,1
2025-08-24,BAL,HOU,0.5281083782996999,1
2025-08-24,CHA,MIN,0.4978858596076005,1
2025-08-24,DET,KCA,0.49994358640216735,0
2025-08-24,MIA,TOR,0.4929374553337066,1
2025-08-24,MIL,SFN,0.6758523712480651,0
2025-08-24,NYA,BOS,0.541779073872902,1
2025-08-24,PHI,WAS,0.6776831729749097,1
2025-08-24,PIT,COL,0.6297434628678682,1
2025-08-24,SDN,LAN,0.4678031536942896,0
2025-08-24,SEA,ATH,0.5656390028231346,1
2025-08-24,TBA,SLN,0.6000086130261276,1
2025-08-24,TEX,CLE,0.5333953977536365,1
2025-08-25,ATH,DET,0.47767062371427726,1
2025-08-25,BAL,BOS,0.49513915999537106,0
2025-08-25,CHA,KCA,0.47360793713657134,1
2025-08-25,CLE,TBA,0.5121144657348611,0
2025-08-25,LAN,CIN,0.5852952142464202,1
2025-08-25,MIA,ATL,0.4608734037445789,1
2025-08-25,MIL,ARI,0.6364141558909798,1
2025-08-25,NYA,WAS,0.6456818811658278,1
2025-08-25,NYN,PHI,0.5175364949035052,1
2025-08-25,SEA,SDN,0.567157486600283,1
2025-08-25,SLN,PIT,0.557961906821591,1
2025-08-25,TEX,ANA,0.5829726081228975,0
2025-08-25,TOR,MIN,0.5875747387564263,1
2025-08-26,ATH,DET,0.5341161011860428,1
2025-08-26,BAL,BOS,0.5163425414388806,0
2025-08-26,CHA,KCA,0.494534990836971,0
2025-08-26,CLE,TBA,0.47805106604914865,1
2025-08-26,HOU,COL,0.6769868882610045,0
2025-08-26,LAN,CIN,0.5967733698246849,1
2025-08-26,MIA,ATL,0.5421779075909348,0
2025-08-26,MIL,ARI,0.6242273113065092,1
2025-08-26,NYA,WAS,0.6574822750394791,1
2025-08-26,NYN,PHI,0.5314792083678634,1
2025-08-26,SEA,SDN,0.4926163715827987,0
2025-08-26,SFN,CHN,0.4730265768347877,1
2025-08-26,SLN,PIT,0.574196890864697,0
2025-08-26,TEX,ANA,0.4846143350845938,1
2025-08-26,TOR,MIN,0.5554770884985105,0
2025-08-27,ATH,DET,0.5450086957726776,1
2025-08-27,BAL,BOS,0.5132856632256129,0
2025-08-27,CHA,KCA,0.47730297699337176,0
2025-08-27,CLE,TBA,0.4831500656386589,1
2025-08-27,HOU,COL,0.6343663914795746,1
2025-08-27,LAN,CIN,0.6153873751138695,1
2025-08-27,MIA,ATL,0.5117860675155637,0
2025-08-27,MIL,ARI,0.6614492646598008,0
2025-08-27,NYA,WAS,0.6657922395345172,1
2025-08-27,NYN,PHI,0.5575309890782232,1
2025-08-27,SEA,SDN,0.5205415331780998,1
2025-08-27,SFN,CHN,0.4596476211529384,1
2025-08-27,SLN,PIT,0.5322280350147776,0
2025-08-27,TEX,ANA,0.551159018402243,1
2025-08-27,TOR,MIN,0.5667484227048086,1
2025-08-28,BAL,BOS,0.462727845272353,0
2025-08-28,CHA,NYA,0.4136468507819382,0
2025-08-28,HOU,COL,0.6138727731430331,1
2025-08-28,MIL,ARI,0.6377089626263593,0
2025-08-28,NYN,MIA,0.6123277555434244,0
2025-08-28,PHI,ATL,0.5839035243932248,1
2025-08-28,SFN,CHN,0.47028410870737397,1
2025-08-28,SLN,PIT,0.5416019420924081,1
2025-08-29,ATH,TEX,0.5514551703768189,0
2025-08-29,BOS,PIT,0.5909763138565396,0
2025-08-29,CHA,NYA,0.4154038995247008,0
2025-08-29,CIN,SLN,0.5446548975080853,0
2025-08-29,CLE,SEA,0.4477159017439233,1
2025-08-29,COL,CHN,0.41410918475276576,0
2025-08-29,HOU,ANA,0.5681012221534589,1
2025-08-29,KCA,DET,0.528331364854162,0
2025-08-29,LAN,ARI,0.570631578196166,0
2025-08-29,MIN,SDN,0.44288278982349105,1
2025-08-29,NYN,MIA,0.6012375566483116,1
2025-08-29,PHI,ATL,0.5619837619719049,1
2025-08-29,SFN,BAL,0.5313634313553413,1
2025-08-29,TOR,MIL,0.45579325184577824,0
2025-08-29,WAS,TBA,0.459314258340451,0
2025-08-30,ATH,TEX,0.49429972764011126,0
2025-08-30,BOS,PIT,0.6402521000831675,0
2025-08-30,CHA,NYA,0.4042739386040045,0
2025-08-30,CIN,SLN,0.48569252651309325,0
2025-08-30,CLE,SEA,0.49772427676273934,1
2025-08-30,COL,CHN,0.37862223521941857,0
2025-08-30,HOU,ANA,0.5640673564823065,0
2025-08-30,KCA,DET,0.511644326961942,1
2025-08-30,LAN,ARI,0.5503862592549963,0
2025-08-30,MIN,SDN,0.44451255399508965,0
2025-08-30,NYN,MIA,0.6166680816728368,0
2025-08-30,PHI,ATL,0.5207986505965942,1
2025-08-30,SFN,BAL,0.5480980540296106,0
2025-08-30,TOR,MIL,0.4606274995551753,0
2025-08-30,WAS,TBA,0.41142662574569433,0
2025-08-31,ATH,TEX,0.46179818197357847,0
2025-08-31,BOS,PIT,0.5917369359469122,1
2025-08-31,CHA,NYA,0.3793899225680238,1
2025-08-31,CIN,SLN,0.5451661502410441,1
2025-08-31,CLE,SEA,0.4985313196846534,0
2025-08-31,COL,CHN,0.3943248898908628,1
2025-08-31,HOU,ANA,0.6263527640816418,0
2025-08-31,KCA,DET,0.5036349634146519,0
2025-08-31,LAN,ARI,0.6133840291444903,1
2025-08-31,MIN,SDN,0.4710026606788997,1
2025-08-31,NYN,MIA,0.5840805028978784,0
2025-08-31,PHI,ATL,0.5258574781564889,0
2025-08-31,SFN,BAL,0.523518518457744,1
2025-08-31,TOR,MIL,0.43622169824556845,1
2025-08-31,WAS,TBA,0.441066979549371,0
2025-09-01,ARI,TEX,0.5052500612621598,0
2025-09-01,BOS,CLE,0.5100035863556782,1
2025-09-01,CHN,ATL,0.5216960376559024,1
2025-09-01,CIN,TOR,0.49780688356095126,1
2025-09-01,COL,SFN,0.4283206109964591,0
2025-09-01,DET,NYN,0.5069936650973453,0
2025-09-01,HOU,ANA,0.5857319465876236,1
2025-09-01,MIL,PHI,0.5723167002388014,0
2025-09-01,MIN,CHA,0.6007134711484787,0
2025-09-01,SDN,BAL,0.5704753611054116,0
2025-09-01,SLN,ATH,0.5347431070010531,0
2025-09-01,TBA,SEA,0.5069471060885264,1
2025-09-01,WAS,MIA,0.4985553897636615,1
2025-09-02,ARI,TEX,0.4696777304699203,1
2025-09-02,BOS,CLE,0.5989279049777269,1
2025-09-02,CHN,ATL,0.5605089601594645,1
2025-09-02,CIN,TOR,0.5340198929198566,0
2025-09-02,COL,SFN,0.4058762235910416,0
2025-09-02,DET,NYN,0.5138449730541137,0
2025-09-02,HOU,NYA,0.5037806397354999,0
2025-09-02,KCA,ANA,0.5924172140679911,0
2025-09-02,MIN,CHA,0.5820296012526224,0
2025-09-02,PIT,LAN,0.43833856040357755,1
2025-09-02,SDN,BAL,0.5885508212989224,0
2025-09-02,SLN,ATH,0.4946428511630358,1
2025-09-02,TBA,SEA,0.5582240944133706,1
2025-09-02,WAS,MIA,0.44994987815512616,1
2025-09-03,ARI,TEX,0.5342028877126661,1
2025-09-03,BOS,CLE,0.5623270892260825,0
2025-09-03,CHN,ATL,0.533634273767812,0
2025-09-03,CIN,TOR,0.48747702814753374,0
2025-09-03,COL,SFN,0.44081766786442605,0
2025-09-03,DET,NYN,0.5166968636865855,1
2025-09-03,HOU,NYA,0.44330269947566475,1
2025-09-03,KCA,ANA,0.5747178879581739,0
2025-09-03,MIL,PHI,0.5137675136605254,1
2025-09-03,MIN,CHA,0.6001587051691215,0
2025-09-03,PIT,LAN,0.4271851479827796,1
2025-09-03,SDN,BAL,0.5965781107614287,0
2025-09-03,SLN,ATH,0.5035629097338749,1
2025-09-03,TBA,SEA,0.5137061958220671,1
2025-09-03,WAS,MIA,0.46928954292225794,1
2025-09-04,HOU,NYA,0.5177117678460228,0
2025-09-04,KCA,ANA,0.5517564503320486,1
2025-09-04,MIL,PHI,0.5878349839802471,0
2025-09-04,MIN,CHA,0.5534126858415712,0
2025-09-04,PIT,LAN,0.44470470350849783,1
2025-09-04,TBA,CLE,0.5331666701669496,1
2025-09-05,ANA,ATH,0.5202132882609181,0
2025-09-05,ARI,BOS,0.4981757915838139,1
2025-09-05,ATL,SEA,0.5449217664560866,1
2025-09-05,BAL,LAN,0.46438456140531825,1
2025-09-05,CHN,WAS,0.597904183096967,1
2025-09-05,CIN,NYN,0.49608975694037266,0
2025-09-05,COL,SDN,0.3831389328624695,1
2025-09-05,DET,CHA,0.5257801668807254,0
2025-09-05,KCA,MIN,0.5499255175225357,1
2025-09-05,MIA,PHI,0.414867145870524,0
2025-09-05,NYA,TOR,0.5657579332794612,0
2025-09-05,PIT,MIL,0.4254381450214468,0
2025-09-05,SLN,SFN,0.5174693428037138,0
2025-09-05,TBA,CLE,0.5607411681119098,0
2025-09-05,TEX,HOU,0.5299201435026379,1
2025-09-06,ANA,ATH,0.5110633713658587,0
2025-09-06,ARI,BOS,0.5264104644185189,1
2025-09-06,ATL,SEA,0.5314863647754191,0
2025-09-06,BAL,LAN,0.47880332226800004,1
2025-09-06,CHN,WAS,0.6148842979820189,0
2025-09-06,CIN,NYN,0.5191685016114489,1
2025-09-06,COL,SDN,0.36158473059567503,0
2025-09-06,DET,CHA,0.6279270592370135,1
2025-09-06,KCA,MIN,0.5298919335930601,1
2025-09-06,MIA,PHI,0.47409414161059255,0
2025-09-06,NYA,TOR,0.5614749014259924,1
2025-09-06,PIT,MIL,0.4250812560205841,0
2025-09-06,SLN,SFN,0.5178221941252255,1
2025-09-06,TBA,CLE,0.5727042167052023,0
2025-09-06,TEX,HOU,0.5963590859248503,0
2025-09-07,ANA,ATH,0.4901904194136474,1
2025-09-07,ARI,BOS,0.5394192397601836,0
2025-09-07,ATL,SEA,0.521355020469619,0
2025-09-07,BAL,LAN,0.47728386460363253,0
2025-09-07,CHN,WAS,0.6060256541080548,0
2025-09-07,CIN,NYN,0.5350222644399372,1
2025-09-07,COL,SDN,0.38614270772694137,0
2025-09-07,DET,CHA,0.5451814255779411,0
2025-09-07,KCA,MIN,0.4745182715008951,0
2025-09-07,MIA,PHI,0.4452226674812932,1
2025-09-07,NYA,TOR,0.5519541061877423,1
2025-09-07,PIT,MIL,0.427981815471296,0
2025-09-07,SLN,SFN,0.5553336485731865,1
2025-09-07,TBA,CLE,0.6015878539880711,0
2025-09-07,TEX,HOU,0.48969034888714674,1
2025-09-08,ANA,MIN,0.5135242656008928,0
2025-09-08,ATH,BOS,0.4689073283133457,0
2025-09-08,ATL,CHN,0.5070713047233888,1
2025-09-08,CLE,KCA,0.49936685725244473,1
2025-09-08,LAN,COL,0.6766064210952846,1
2025-09-08,MIA,WAS,0.524377084320983,0
2025-09-08,PHI,NYN,0.5522345282953269,1
2025-09-08,SDN,CIN,0.5951032211298927,1
2025-09-08,SEA,SLN,0.5802072412686711,1
2025-09-08,SFN,ARI,0.5339884547666549,1
2025-09-08,TEX,MIL,0.4638797167364711,1
2025-09-09,ANA,MIN,0.49063442993702955,1
2025-09-09,ATH,BOS,0.5292200705488453,0
2025-09-09,ATL,CHN,0.5770195427311596,0
2025-09-09,BAL,PIT,0.581614180641342,1
2025-09-09,CHA,TBA,0.4515797461879633,0
2025-09-09,CLE,KCA,0.5582124079628913,1
2025-09-09,LAN,COL,0.6989864020500868,1
2025-09-09,MIA,WAS,0.5220758018464786,0
2025-09-09,NYA,DET,0.6074194104875392,0
2025-09-09,PHI,NYN,0.5152463531741713,1
2025-09-09,SDN,CIN,0.5859340587080865,0
2025-09-09,SEA,SLN,0.6014362227811743,1
2025-09-09,SFN,ARI,0.5379375210744998,1
2025-09-09,TEX,MIL,0.4795773973186538,1
2025-09-09,TOR,HOU,0.5387467905561626,1
2025-09-10,ANA,MIN,0.5437494909255786,1
2025-09-10,ATH,BOS,0.4904350703022972,1
2025-09-10,ATL,CHN,0.5786150915201491,0
2025-09-10,BAL,PIT,0.5502666410024026,1
2025-09-10,CHA,TBA,0.4350469168299492,1
2025-09-10,CLE,KCA,0.5194191735067183,0
2025-09-10,LAN,COL,0.6724913956743449,1
2025-09-10,MIA,WAS,0.5719404980229348,1
2025-09-10,NYA,DET,0.6024302937636753,0
2025-09-10,PHI,NYN,0.5377828926381935,1
2025-09-10,SDN,CIN,0.5889786911508819,0
2025-09-10,SEA,SLN,0.5619274747669976,1
2025-09-10,SFN,ARI,0.5195131700080002,0
2025-09-10,TEX,MIL,0.46237965584197216,1
2025-09-10,TOR,HOU,0.5019656942805062,0
2025-09-11,BAL,PIT,0.5808625048837223,1
2025-09-11,CHA,TBA,0.42988881791310146,1
2025-09-11,CLE,KCA,0.5791784032611383,1
2025-09-11,MIA,WAS,0.5984151604423931,1
2025-09-11,NYA,DET,0.5539054381973614,1
2025-09-11,PHI,NYN,0.5558470733584594,1
2025-09-11,SDN,COL,0.6797687112605807,1
2025-09-11,SEA,ANA,0.5863090032108924,1
2025-09-11,TOR,HOU,0.4864471532238688,1
2025-09-12,ATH,CIN,0.5064363479452191,1
2025-09-12,ATL,HOU,0.5575579016717062,0
2025-09-12,BOS,NYA,0.469956248590037,0
2025-09-12,CHN,TBA,0.5223016137252445,1
2025-09-12,CLE,CHA,0.6053814145594931,1
2025-09-12,MIA,DET,0.4623281290909964,1
2025-09-12,MIL,SLN,0.6034028779749075,1
2025-09-12,MIN,ARI,0.5001967597243471,1
2025-09-12,NYN,TEX,0.4998473904339218,0
2025-09-12,PHI,KCA,0.6328031843435604,1
2025-09-12,SDN,COL,0.6741259059693729,0
2025-09-12,SEA,ANA,0.5710126268774898,1
2025-09-12,SFN,LAN,0.48600643363413787,1
2025-09-12,TOR,BAL,0.5696674859920822,1
2025-09-12,WAS,PIT,0.5413023729638244,1
2025-09-13,ATH,CIN,0.4990336677757199,1
2025-09-13,ATL,HOU,0.5299260092501922,0
2025-09-13,BOS,NYA,0.48895308725741804,0
2025-09-13,CHN,TBA,0.5363117713714364,0
2025-09-13,CLE,CHA,0.5966321398261621,1
2025-09-13,MIA,DET,0.47133765799337163,1
2025-09-13,MIL,SLN,0.5897763196315393,1
2025-09-13,MIN,ARI,0.5211262427834646,0
2025-09-13,NYN,TEX,0.4985280635360124,0
2025-09-13,PHI,KCA,0.6253241193927728,1
2025-09-13,SDN,COL,0.6631857767821088,1
2025-09-13,SEA,ANA,0.5836208202644115,1
2025-09-13,SFN,LAN,0.4410992100686422,0
2025-09-13,TOR,BAL,0.5558094421887136,1
2025-09-13,WAS,PIT,0.5008974491303383,0
2025-09-14,ATH,CIN,0.5714281932237699,1
2025-09-14,ATL,HOU,0.533001006808268,1
2025-09-14,BOS,NYA,0.5368552964103799,1
2025-09-14,CHN,TBA,0.6034734719847051,1
2025-09-14,CLE,CHA,0.5839551280068275,1
2025-09-14,MIA,DET,0.4982584906076119,0
2025-09-14,MIL,SLN,0.660233666863341,0
2025-09-14,MIN,ARI,0.5236226928796007,0
2025-09-14,NYN,TEX,0.5251710371057036,1
2025-09-14,PHI,KCA,0.6333638677870356,0
2025-09-14,SDN,COL,0.6637458187560813,1
2025-09-14,SEA,ANA,0.641778940331659,1
2025-09-14,SFN,LAN,0.44716724887259013,0
2025-09-14,TOR,BAL,0.554625361343004,1
2025-09-14,WAS,PIT,0.4855769456057843,1
2025-09-15,ARI,SFN,0.5669892649254206,1
2025-09-15,CHA,BAL,0.4789972425816738,0
2025-09-15,HOU,TEX,0.4685540695601709,1
2025-09-15,LAN,PHI,0.511958618404657,0
2025-09-15,MIN,NYA,0.44146726340855236,1
2025-09-15,PIT,CHN,0.46755019195747943,0
2025-09-15,SLN,CIN,0.4987339936789944,0
2025-09-15,TBA,TOR,0.5165542294886672,0
2025-09-15,WAS,ATL,0.47953732612244543,0
2025-09-16,ARI,SFN,0.551751541161494,1
2025-09-16,BOS,ATH,0.5392756581405004,0
2025-09-16,CHA,BAL,0.47451978614129003,0
2025-09-16,COL,MIA,0.40704015699366436,0
2025-09-16,DET,CLE,0.5165298888227136,0
2025-09-16,HOU,TEX,0.491673913749138,1
2025-09-16,KCA,SEA,0.4179440853146118,0
2025-09-16,LAN,PHI,0.5456832288873585,0
2025-09-16,MIL,ANA,0.6481809780299399,1
2025-09-16,MIN,NYA,0.4419372849260673,0
2025-09-16,NYN,SDN,0.5174522890329725,1
2025-09-16,PIT,CHN,0.5169510973647775,0
2025-09-16,SLN,CIN,0.520529358673736,1
2025-09-16,TBA,TOR,0.5017525533444749,0
2025-09-16,WAS,ATL,0.4299474454125427,0
2025-09-16,WAS,ATL,0.47534193446843503,0
2025-09-17,ARI,SFN,0.5333320310225194,0
2025-09-17,BOS,ATH,0.592358134248976,1
2025-09-17,CHA,BAL,0.44198151200409946,0
2025-09-17,COL,MIA,0.42983489139692127,0
2025-09-17,DET,CLE,0.516403554472,0
2025-09-17,HOU,TEX,0.5225010845403752,1
2025-09-17,KCA,SEA,0.47806433145132465,1
2025-09-17,LAN,PHI,0.5290729348917532,1
2025-09-17,MIL,ANA,0.6550911796234238,1
2025-09-17,MIN,NYA,0.3952247381547329,0
2025-09-17,NYN,SDN,0.5382118587801988,0
2025-09-17,PIT,CHN,0.4559672464730477,0
2025-09-17,SLN,CIN,0.5515185621657355,0
2025-09-17,TBA,TOR,0.4757056440396484,1
2025-09-17,WAS,ATL,0.43332269259802014,0
2025-09-18,BAL,NYA,0.4986994333023388,0
2025-09-18,BOS,ATH,0.5766497085103536,0
2025-09-18,CIN,CHN,0.5284312653519394,1
2025-09-18,COL,MIA,0.40738478044407295,0
2025-09-18,DET,CLE,0.5494749581314236,0
2025-09-18,KCA,SEA,0.4650399667901745,0
2025-09-18,LAN,SFN,0.575455799011985,1
2025-09-18,MIL,ANA,0.6317972390159672,1
2025-09-18,NYN,SDN,0.5693820010715889,1
2025-09-18,TBA,TOR,0.5222553631527853,1
2025-09-19,ARI,PHI,0.4510833875846971,0
2025-09-19,BAL,NYA,0.48066141604089774,1
2025-09-19,CHA,SDN,0.42321174371041054,1
2025-09-19,CIN,CHN,0.4737201607472189,1
2025-09-19,COL,ANA,0.47041024398972076,1
2025-09-19,DET,ATL,0.480855274988982,0
2025-09-19,HOU,SEA,0.5193750564778861,0
2025-09-19,KCA,TOR,0.4594902672544043,1
2025-09-19,LAN,SFN,0.5527214821905535,1
2025-09-19,MIN,CLE,0.44630079267241346,0
2025-09-19,NYN,WAS,0.6248985890973703,1
2025-09-19,PIT,ATH,0.45590927759509164,0
2025-09-19,SLN,MIL,0.4537075617094144,1
2025-09-19,TBA,BOS,0.5178509330795911,0
2025-09-19,TEX,MIA,0.537175241113305,0
2025-09-20,ARI,PHI,0.47246103871139783,1
2025-09-20,BAL,NYA,0.4465050871675629,0
2025-09-20,CHA,SDN,0.4306801531713701,0
2025-09-20,CIN,CHN,0.5410298821426273,1
2025-09-20,COL,ANA,0.46292085988918624,0
2025-09-20,DET,ATL,0.517447837663764,0
2025-09-20,HOU,SEA,0.5216787603129783,0
2025-09-20,KCA,TOR,0.46483935650304564,1
2025-09-20,LAN,SFN,0.5903893942038508,1
2025-09-20,MIN,CLE,0.4707974603548154,0
2025-09-20,MIN,CLE,0.4834090690501371,0
2025-09-20,NYN,WAS,0.6750846037734511,0
2025-09-20,PIT,ATH,0.4837890745574816,1
2025-09-20,SLN,MIL,0.4278002433818905,0
2025-09-20,TBA,BOS,0.4951788844730839,0
2025-09-20,TEX,MIA,0.5140031553177841,0
2025-09-21,ARI,PHI,0.4736258701024583,1
2025-09-21,BAL,NYA,0.4784502381966827,0
2025-09-21,CHA,SDN,0.4459295645111448,0
2025-09-21,CIN,CHN,0.515585976278077,1
2025-09-21,COL,ANA,0.40743782418506974,1
2025-09-21,DET,ATL,0.5101412305395483,0
2025-09-21,HOU,SEA,0.47571479064224076,0
2025-09-21,KCA,TOR,0.5205944996384249,0
2025-09-21,LAN,SFN,0.6079941822004209,0
2025-09-21,MIN,CLE,0.4596865888241431,1
2025-09-21,NYN,WAS,0.6062130463534593,0
2025-09-21,PIT,ATH,0.4946809520710096,1
2025-09-21,SLN,MIL,0.4252735895593745,1
2025-09-21,TBA,BOS,0.492754984705121,1
2025-09-21,TEX,MIA,0.5956163054129554,0
2025-09-22,ATL,WAS,0.6721048129846864,1
2025-09-22,SDN,MIL,0.46870378488808995,1
2025-09-22,SFN,SLN,0.5537190238527719,0
2025-09-23,ANA,KCA,0.4755240686175901,0
2025-09-23,ARI,LAN,0.46922933031163033,1
2025-09-23,ATH,HOU,0.5068804646562187,1
2025-09-23,ATL,WAS,0.6677207852069698,1
2025-09-23,BAL,TBA,0.4674257425271364,1
2025-09-23,CHN,NYN,0.4988456948291232,0
2025-09-23,CIN,PIT,0.5782604288268754,0
2025-09-23,CLE,DET,0.4937634153613238,1
2025-09-23,NYA,CHA,0.609853902759417,1
2025-09-23,PHI,MIA,0.538567967241186,0
2025-09-23,SDN,MIL,0.46101023420949305,1
2025-09-23,SEA,COL,0.6661237625272096,1
2025-09-23,SFN,SLN,0.5648632952830155,0
2025-09-23,TEX,MIN,0.5707664044621753,0
2025-09-23,TOR,BOS,0.5305934670070797,0
2025-09-24,ANA,KCA,0.5097580868438817,1
2025-09-24,ARI,LAN,0.5001457996644979,0
2025-09-24,ATH,HOU,0.4832067933231169,1
2025-09-24,ATL,WAS,0.6368175690468916,0
2025-09-24,BAL,TBA,0.5244809307480022,0
2025-09-24,CHN,NYN,0.5228420803749676,1
2025-09-24,CIN,PIT,0.5318827340378941,0
2025-09-24,CLE,DET,0.6012979348852083,1
2025-09-24,NYA,CHA,0.6046499119539023,1
2025-09-24,PHI,MIA,0.6038598505641662,1
2025-09-24,SDN,MIL,0.5083237214635499,0
2025-09-24,SEA,COL,0.6532477200051102,1
2025-09-24,SFN,SLN,0.5152074162405994,1
2025-09-24,TEX,MIN,0.6357438963786842,1
2025-09-24,TOR,BOS,0.5058948067675022,0
2025-09-25,ANA,KCA,0.4912002254125601,0
2025-09-25,ARI,LAN,0.448056619338005,0
2025-09-25,ATH,HOU,0.5355221198769926,0
2025-09-25,BAL,TBA,0.5094726573731705,1
2025-09-25,CHN,NYN,0.5468724610131219,0
2025-09-25,CIN,PIT,0.5595107968605472,1
2025-09-25,CLE,DET,0.5733321632982185,0
2025-09-25,NYA,CHA,0.6546794392405751,1
2025-09-25,PHI,MIA,0.5958870993203035,1
2025-09-25,SEA,COL,0.6958017410883613,1
2025-09-25,TEX,MIN,0.571343265550659,0
2025-09-25,TOR,BOS,0.5184573333133201,1
2025-09-26,ANA,HOU,0.4405854465933186,1
2025-09-26,ATH,KCA,0.5436718737229531,1
2025-09-26,ATL,PIT,0.6254151916558396,0
2025-09-26,BOS,DET,0.6063922375288913,1
2025-09-26,CHN,SLN,0.5291494205346298,1
2025-09-26,CLE,TEX,0.5391501152347669,0
2025-09-26,MIA,NYN,0.5276602945874556,1
2025-09-26,MIL,CIN,0.5596931914090533,0
2025-09-26,NYA,BAL,0.5347224697653497,1
2025-09-26,PHI,MIN,0.6381373951191234,1
2025-09-26,SDN,ARI,0.5723272358570161,1
2025-09-26,SEA,LAN,0.5556254369785808,0
2025-09-26,SFN,COL,0.6666479370465807,1
2025-09-26,TOR,TBA,0.6083710524337703,1
2025-09-26,WAS,CHA,0.4888179417412825,0
2025-09-27,ANA,HOU,0.4537845255764994,0
2025-09-27,ATH,KCA,0.5152255293466981,0
2025-09-27,ATL,PIT,0.6162874210027478,0
2025-09-27,BOS,DET,0.5926909062467675,0
2025-09-27,CHN,SLN,0.5448592625154335,1
2025-09-27,CLE,TEX,0.5038507588352252,1
2025-09-27,MIA,NYN,0.4644838417542004,0
2025-09-27,MIL,CIN,0.5426866819435713,0
2025-09-27,NYA,BAL,0.5929662184437824,1
2025-09-27,PHI,MIN,0.6297317043080829,0
2025-09-27,SDN,ARI,0.5651776902396513,1
2025-09-27,SEA,LAN,0.49658064862401596,0
2025-09-27,SFN,COL,0.6492441313559918,1
2025-09-27,TOR,TBA,0.5429948306217027,1
2025-09-27,WAS,CHA,0.5310841410564084,1
2025-09-28,ANA,HOU,0.426060042616861,0
2025-09-28,ATH,KCA,0.5255734230328435,0
2025-09-28,ATL,PIT,0.5676700604029005,1
2025-09-28,BOS,DET,0.5976777826393916,1
2025-09-28,CHN,SLN,0.5356079174539143,1
2025-09-28,CLE,TEX,0.5038325678287049,1
2025-09-28,MIA,NYN,0.46126231797601935,1
2025-09-28,MIL,CIN,0.570574097439261,1
2025-09-28,NYA,BAL,0.5794469654762527,1
2025-09-28,PHI,MIN,0.6346990334006989,1
2025-09-28,SDN,ARI,0.6074981635690614,1
2025-09-28,SEA,LAN,0.49583182258084724,0
2025-09-28,SFN,COL,0.6461019423716441,1
2025-09-28,TOR,TBA,0.5374250539629166,1
2025-09-28,WAS,CHA,0.5389500911657966,0
